building_id,n_obs,coverage,pct_missing,mean_load,std_load,min_load,max_load,n_zeros,primary_use,site_id,sqm,timezone,site_airtemp_coverage
Shrew_office_Sherill,17544,1.0,0.0,163.78,172.55,0.0,625.5,8160,Office,Shrew,18098.0,Europe/London,0.9999429093400319
Shrew_office_Kenneth,17544,1.0,0.0,15.25,17.22,0.0,91.6,8184,Office,Shrew,1719.0,Europe/London,0.9999429093400319
Shrew_office_Rose,17544,1.0,0.0,6.56,5.93,0.0,29.8,6677,Office,Shrew,1058.0,Europe/London,0.9999429093400319
Mouse_lodging_Vicente,17544,1.0,0.0,41.45,18.78,0.0,100.0,1656,Lodging/residential,Mouse,3489.0,Europe/London,0.9999429093400319
Shrew_office_Doris,17544,1.0,0.0,104.89,105.53,0.0,375.9,8160,Office,Shrew,22568.9,Europe/London,0.9999429093400319
Shrew_office_Doug,17544,1.0,0.0,40.29,39.73,0.0,123.6,8193,Office,Shrew,5630.0,Europe/London,0.9999429093400319
Shrew_office_Ila,17544,1.0,0.0,79.59,79.84,0.0,294.5,8160,Office,Shrew,10905.0,Europe/London,0.9999429093400319
Shrew_office_Katherine,17544,1.0,0.0,29.81,29.26,0.0,107.9,8184,Office,Shrew,3410.0,Europe/London,0.9999429093400319
Shrew_office_Nora,17544,1.0,0.0,95.59,102.12,0.0,393.1,8160,Office,Shrew,10203.0,Europe/London,0.9999429093400319
Lamb_education_Rodrigo,17544,1.0,0.0,34.44,29.27,0.0,122.01,15,Education,Lamb,6149.0,Europe/London,0.9998857142857143
Shrew_office_Lin,17544,1.0,0.0,201.0,199.04,0.0,695.2,8162,Office,Shrew,13995.0,Europe/London,0.9999429093400319
Lamb_public_Gracie,17544,1.0,0.0,2.98,3.02,0.0,13.1,71,Public services,Lamb,915.0,Europe/London,0.9998857142857143
Lamb_education_Isabelle,17544,1.0,0.0,11.93,14.27,0.0,67.0,46,Education,Lamb,2253.0,Europe/London,0.9998857142857143
Lamb_other_Minerva,17544,1.0,0.0,8.38,8.11,0.0,44.1,1126,Other,Lamb,522.0,Europe/London,0.9998857142857143
Lamb_education_Gabriel,17544,1.0,0.0,7.07,9.09,0.0,39.0,47,Education,Lamb,2193.0,Europe/London,0.9998857142857143
Lamb_office_Velma,17544,1.0,0.0,91.11,59.48,0.0,272.3,2,Office,Lamb,14165.0,Europe/London,0.9998857142857143
Lamb_assembly_Cherie,17544,1.0,0.0,55.08,44.7,0.0,146.6,0,Entertainment/public assembly,Lamb,4392.0,Europe/London,0.9998857142857143
Robin_education_Zenia,17544,1.0,0.0,200.97,52.76,52.25,466.2,0,Education,Robin,6337.0,Europe/London,0.9999429093400319
Robin_public_Carolina,17544,1.0,0.0,140.34,37.8,22.64,268.87,0,Public services,Robin,10984.0,Europe/London,0.9999429093400319
Lamb_assembly_Dorothy,17544,1.0,0.0,38.86,29.6,0.01,134.38,0,Entertainment/public assembly,Lamb,5960.0,Europe/London,0.9998857142857143
Lamb_industrial_Carla,17544,1.0,0.0,127.83,106.1,0.0,386.3,0,Manufacturing/industrial,Lamb,8426.0,Europe/London,0.9998857142857143
Eagle_assembly_Noel,17544,1.0,0.0,0.0,0.0,0.0,0.0,17544,Entertainment/public assembly,Eagle,3972.1,US/Eastern,0.9998289233576643
Eagle_education_Brianne,17544,1.0,0.0,401.13,127.24,0.0,785.0,872,Education,Eagle,6857.4,US/Eastern,0.9998289233576643
Eagle_lodging_Andy,17544,1.0,0.0,54.75,16.68,0.0,109.06,73,Lodging/residential,Eagle,6205.4,US/Eastern,0.9998289233576643
Lamb_assembly_Theresa,17544,1.0,0.0,2.69,2.75,0.0,12.8,1102,Entertainment/public assembly,Lamb,990.0,Europe/London,0.9998857142857143
Lamb_warehouse_Allan,17544,1.0,0.0,12.76,10.93,0.0,46.5,1077,Warehouse/storage,Lamb,1457.0,Europe/London,0.9998857142857143
Robin_office_Gayle,17544,1.0,0.0,59.11,22.16,9.75,138.25,0,Office,Robin,4161.0,Europe/London,0.9999429093400319
Eagle_lodging_Blake,17544,1.0,0.0,13.56,11.82,0.0,60.87,5406,Lodging/residential,Eagle,3512.0,US/Eastern,0.9998289233576643
Lamb_public_Nyla,17544,1.0,0.0,3.48,3.88,0.0,14.3,1101,Public services,Lamb,657.0,Europe/London,0.9998857142857143
Robin_office_Lindsay,17544,1.0,0.0,45.64,30.29,3.94,134.88,0,Office,Robin,5358.0,Europe/London,0.9999429093400319
Eagle_lodging_Trina,17544,1.0,0.0,46.8,15.11,0.0,100.1,179,Lodging/residential,Eagle,5320.9,US/Eastern,0.9998289233576643
Lamb_education_Randal,17544,1.0,0.0,8.15,8.64,0.0,34.7,1099,Education,Lamb,2678.0,Europe/London,0.9998857142857143
Lamb_assembly_Corliss,17544,1.0,0.0,9.0,10.97,0.0,39.9,46,Entertainment/public assembly,Lamb,2887.0,Europe/London,0.9998857142857143
Lamb_industrial_Venessa,17544,1.0,0.0,6.32,4.6,0.0,20.22,45,Manufacturing/industrial,Lamb,588.0,Europe/London,0.9998857142857143
Lamb_office_Vasiliki,17544,1.0,0.0,302.71,198.68,0.0,909.8,43,Office,Lamb,25087.0,Europe/London,0.9998857142857143
Lamb_office_Callie,17544,1.0,0.0,3.38,2.46,0.0,9.85,45,Office,Lamb,689.0,Europe/London,0.9998857142857143
Hog_education_Donnie,17544,1.0,0.0,84.51,71.48,6.86,311.13,0,Education,Hog,6837.4,US/Central,0.9998859879147189
Hog_office_Alisha,17544,1.0,0.0,8.83,5.91,0.0,22.9,5003,Office,Hog,3103.1,US/Central,0.9998859879147189
Lamb_industrial_Willard,17544,1.0,0.0,1.85,1.31,0.0,4.0,1102,Manufacturing/industrial,Lamb,965.0,Europe/London,0.9998857142857143
Lamb_public_Bradly,17544,1.0,0.0,6.97,8.42,0.0,31.0,7269,Public services,Lamb,1892.0,Europe/London,0.9998857142857143
Lamb_education_Camille,17544,1.0,0.0,22.19,30.51,0.0,134.2,7240,Education,Lamb,6382.0,Europe/London,0.9998857142857143
Lamb_education_Emilie,17544,1.0,0.0,4.6,4.8,0.0,22.5,1122,Education,Lamb,1303.0,Europe/London,0.9998857142857143
Lamb_assembly_Eugenia,17544,1.0,0.0,4.19,4.8,0.0,24.3,6115,Entertainment/public assembly,Lamb,1187.0,Europe/London,0.9998857142857143
Lamb_health_Ken,17544,1.0,0.0,16.42,11.4,0.0,50.0,0,Healthcare,Lamb,1716.0,Europe/London,0.9998857142857143
Robin_lodging_Phillip,17544,1.0,0.0,38.61,20.29,0.0,100.6,66,Lodging/residential,Robin,6181.0,Europe/London,0.9999429093400319
Robin_office_Wai,17544,1.0,0.0,166.28,103.84,0.0,497.7,44,Office,Robin,16221.0,Europe/London,0.9999429093400319
Hog_office_Merilyn,17544,1.0,0.0,30.2,8.7,9.09,59.5,0,Office,Hog,3446.3,US/Central,0.9998859879147189
Hog_assembly_Marilynn,17544,1.0,0.0,0.0,0.0,0.0,0.0,17544,Entertainment/public assembly,Hog,756.4,US/Central,0.9998859879147189
Robin_office_Zelma,17544,1.0,0.0,109.96,33.44,29.7,204.5,0,Office,Robin,7607.0,Europe/London,0.9999429093400319
Hog_assembly_Arlie,17544,1.0,0.0,0.0,0.0,0.0,0.0,17544,Entertainment/public assembly,Hog,11058.2,US/Central,0.9998859879147189
Hog_office_Gustavo,17544,1.0,0.0,531.27,357.85,19.34,1205.45,0,Office,Hog,6582.4,US/Central,0.9998859879147189
Hog_office_Bill,17544,1.0,0.0,290.85,95.28,85.28,595.9,0,Office,Hog,13375.5,US/Central,0.9998859879147189
Hog_education_Josh,17544,1.0,0.0,133.4,80.5,0.0,426.93,2395,Education,Hog,5630.5,US/Central,0.9998859879147189
Robin_education_Karyl,17544,1.0,0.0,62.13,46.79,0.01,195.38,0,Education,Robin,2992.0,Europe/London,0.9999429093400319
Robin_lodging_Janie,17544,1.0,0.0,118.78,61.42,9.1,304.74,0,Lodging/residential,Robin,6193.0,Europe/London,0.9999429093400319
Robin_office_Victor,17544,1.0,0.0,53.4,20.07,8.03,117.29,0,Office,Robin,3724.0,Europe/London,0.9999429093400319
Hog_industrial_Quentin,17544,1.0,0.0,109.84,73.8,22.84,320.26,0,Manufacturing/industrial,Hog,7559.7,US/Central,0.9998859879147189
Hog_food_Morgan,17544,1.0,0.0,63.41,28.23,18.39,145.26,0,Food sales and service,Hog,3085.8,US/Central,0.9998859879147189
Hog_education_Rachael,17544,1.0,0.0,74.88,24.39,21.18,170.82,0,Education,Hog,3715.0,US/Central,0.9998859879147189
Hog_assembly_Una,17544,1.0,0.0,0.0,0.0,0.0,0.0,17544,Entertainment/public assembly,Hog,8872.2,US/Central,0.9998859879147189
Robin_lodging_Pricilla,17544,1.0,0.0,62.7,28.68,0.0,170.9,2,Lodging/residential,Robin,4607.0,Europe/London,0.9999429093400319
Hog_office_Miriam,17544,1.0,0.0,23.05,7.24,6.97,44.41,0,Office,Hog,1418.5,US/Central,0.9998859879147189
Robin_education_Kiera,17544,1.0,0.0,77.96,29.89,11.41,176.5,0,Education,Robin,4703.0,Europe/London,0.9999429093400319
Lamb_office_Stefani,17544,1.0,0.0,10.48,8.89,0.0,35.81,68,Office,Lamb,1063.0,Europe/London,0.9998857142857143
Lamb_assembly_Tawana,17544,1.0,0.0,4.07,3.34,0.0,19.7,1098,Entertainment/public assembly,Lamb,882.0,Europe/London,0.9998857142857143
Hog_public_Gerard,17544,1.0,0.0,56.27,20.75,16.64,106.43,0,Public services,Hog,7725.3,US/Central,0.9998859879147189
Moose_education_Ricardo,17544,1.0,0.0,308.89,57.75,202.08,462.24,0,Education,Moose,14000.0,US/Eastern,1.0
Hog_lodging_Edgar,17544,1.0,0.0,111.44,63.17,0.0,280.0,2484,Lodging/residential,Hog,16494.9,US/Central,0.9998859879147189
Hog_lodging_Brian,17544,1.0,0.0,105.5,29.23,0.0,226.0,1,Lodging/residential,Hog,12876.5,US/Central,0.9998859879147189
Hog_lodging_Francisco,17544,1.0,0.0,161.19,52.37,58.79,325.0,0,Lodging/residential,Hog,14592.3,US/Central,0.9998859879147189
Lamb_public_Grace,17544,1.0,0.0,38.44,44.48,0.0,147.64,18,Public services,Lamb,5664.9,Europe/London,0.9998857142857143
Hog_other_Noma,17544,1.0,0.0,26.03,5.56,7.54,49.11,0,Other,Hog,2568.6,US/Central,0.9998859879147189
Eagle_lodging_Edgardo,17544,1.0,0.0,49.49,15.4,0.0,102.76,179,Lodging/residential,Eagle,5392.2,US/Eastern,0.9998289233576643
Lamb_assembly_Cesar,17544,1.0,0.0,10.16,11.98,0.0,56.0,46,Entertainment/public assembly,Lamb,1422.0,Europe/London,0.9998857142857143
Lamb_education_Maritza,17544,1.0,0.0,5.76,4.71,0.0,22.7,1099,Education,Lamb,2815.0,Europe/London,0.9998857142857143
Hog_industrial_Jeremy,17544,1.0,0.0,44.25,26.07,6.4,99.7,0,Manufacturing/industrial,Hog,1216.2,US/Central,0.9998859879147189
Eagle_office_Mable,17544,1.0,0.0,15.88,4.93,0.0,32.48,125,Office,Eagle,2568.4,US/Eastern,0.9998289233576643
Hog_industrial_Mariah,17544,1.0,0.0,16.56,6.0,0.5,36.98,0,Manufacturing/industrial,Hog,1065.6,US/Central,0.9998859879147189
Hog_education_Cathleen,17544,1.0,0.0,382.71,253.72,0.0,951.0,5176,Education,Hog,14440.7,US/Central,0.9998859879147189
Eagle_assembly_Benny,17544,1.0,0.0,49.24,21.21,0.0,119.12,113,Entertainment/public assembly,Eagle,4642.8,US/Eastern,0.9998289233576643
Robin_office_Sammie,17544,1.0,0.0,82.35,24.11,23.5,162.2,0,Office,Robin,4802.0,Europe/London,0.9999429093400319
Robin_public_Cami,17544,1.0,0.0,70.44,21.05,12.61,126.5,0,Public services,Robin,5261.0,Europe/London,0.9999429093400319
Fox_education_Rudolph,17542,0.9999,0.01,23.41,9.82,0.0,52.85,134,Education,Fox,2335.5,US/Mountain,0.9999429972068631
Fox_education_Ray,17543,0.9999,0.01,47.59,17.99,0.0,106.84,1,Education,Fox,1185.5,US/Mountain,0.9999429972068631
Fox_education_Delma,17543,0.9999,0.01,92.26,75.16,0.0,344.74,33,Education,Fox,9181.5,US/Mountain,0.9999429972068631
Robin_office_Shirlene,17543,0.9999,0.01,31.44,9.31,5.5,61.0,0,Office,Robin,4647.0,Europe/London,0.9999429093400319
Wolf_education_Vivian,17543,0.9999,0.01,71.32,36.15,0.0,171.26,2,Education,Wolf,8770.0,Europe/Dublin,1.0
Robin_office_Adolph,17543,0.9999,0.01,27.08,6.92,6.0,51.62,0,Office,Robin,1321.0,Europe/London,0.9999429093400319
Fox_assembly_Leeanne,17543,0.9999,0.01,18.23,6.85,0.0,41.6,9,Entertainment/public assembly,Fox,1932.8,US/Mountain,0.9999429972068631
Wolf_education_Arnulfo,17543,0.9999,0.01,35.28,17.99,0.0,98.72,379,Education,Wolf,5184.0,Europe/Dublin,1.0
Hog_education_Jewel,17543,0.9999,0.01,65.33,19.65,13.48,125.75,0,Education,Hog,7912.0,US/Central,0.9998859879147189
Hog_lodging_Celeste,17542,0.9999,0.01,95.88,21.29,41.95,179.18,0,Lodging/residential,Hog,10874.7,US/Central,0.9998859879147189
Fox_education_Melvin,17542,0.9999,0.01,60.6,28.28,0.0,141.42,97,Education,Fox,2289.4,US/Mountain,0.9999429972068631
Hog_parking_Shannon,17543,0.9999,0.01,111.76,46.05,43.45,354.39,0,Parking,Hog,63138.2,US/Central,0.9998859879147189
Hog_office_Elnora,17543,0.9999,0.01,687.36,105.64,283.03,1033.64,0,Office,Hog,9770.3,US/Central,0.9998859879147189
Lamb_education_Terina,17542,0.9999,0.01,83.12,72.17,0.0,316.6,25,Education,Lamb,14868.0,Europe/London,0.9998857142857143
Fox_education_Claire,17543,0.9999,0.01,60.93,24.34,0.0,113.95,1,Education,Fox,8145.1,US/Mountain,0.9999429972068631
Fox_education_Tamika,17543,0.9999,0.01,150.73,49.24,0.0,339.44,7,Education,Fox,8339.9,US/Mountain,0.9999429972068631
Fox_education_Kim,17543,0.9999,0.01,57.5,19.57,0.0,107.38,5,Education,Fox,5782.1,US/Mountain,0.9999429972068631
Fox_lodging_Angla,17542,0.9999,0.01,117.83,41.07,0.0,224.46,17,Lodging/residential,Fox,20115.9,US/Mountain,0.9999429972068631
Hog_office_Sydney,17542,0.9999,0.01,125.88,25.43,47.42,191.23,0,Office,Hog,8094.7,US/Central,0.9998859879147189
Bear_public_Valorie,17542,0.9999,0.01,194.42,82.84,34.5,421.5,0,Public services,Bear,17598.2,US/Pacific,1.0
Fox_assembly_Christie,17543,0.9999,0.01,20.87,12.3,0.0,69.78,24,Entertainment/public assembly,Fox,997.1,US/Mountain,0.9999429972068631
Hog_office_Rolando,17543,0.9999,0.01,309.82,164.69,0.0,807.0,1,Office,Hog,18033.5,US/Central,0.9998859879147189
Bear_education_Iris,17542,0.9999,0.01,45.51,20.2,15.8,115.4,0,Education,Bear,5456.5,US/Pacific,1.0
Hog_lodging_Ora,17543,0.9999,0.01,220.75,62.68,15.76,429.44,0,Lodging/residential,Hog,21678.1,US/Central,0.9998859879147189
Fox_public_Belle,17542,0.9999,0.01,120.48,77.22,0.0,309.33,17,Public services,Fox,1524.6,US/Mountain,0.9999429972068631
Fox_assembly_Tony,17542,0.9999,0.01,81.93,24.16,0.0,139.93,1,Entertainment/public assembly,Fox,7231.9,US/Mountain,0.9999429972068631
Wolf_education_Ursula,17542,0.9999,0.01,141.22,54.11,28.0,314.8,0,Education,Wolf,13998.0,Europe/Dublin,1.0
Fox_education_Ashli,17542,0.9999,0.01,28.94,11.12,0.0,56.53,2,Education,Fox,864.8,US/Mountain,0.9999429972068631
Fox_education_Carleen,17543,0.9999,0.01,105.6,38.14,0.0,273.16,12,Education,Fox,6635.2,US/Mountain,0.9999429972068631
Lamb_public_Vania,17542,0.9999,0.01,17.4,12.65,0.0,73.5,176,Public services,Lamb,4032.0,Europe/London,0.9998857142857143
Eagle_health_Athena,17543,0.9999,0.01,296.64,179.09,0.0,719.83,3175,Healthcare,Eagle,18040.6,US/Eastern,0.9998289233576643
Hog_education_Madge,17543,0.9999,0.01,89.8,24.93,28.36,158.11,0,Education,Hog,6786.0,US/Central,0.9998859879147189
Fox_office_Clayton,17543,0.9999,0.01,87.69,38.99,0.0,216.27,1,Office,Fox,488.5,US/Mountain,0.9999429972068631
Robin_lodging_Oliva,17542,0.9999,0.01,54.8,18.36,0.29,129.5,0,Lodging/residential,Robin,6013.0,Europe/London,0.9999429093400319
Bear_education_Bob,17542,0.9999,0.01,128.57,49.56,68.56,268.9,0,Education,Bear,28360.3,US/Pacific,1.0
Hog_lodging_Mauricio,17543,0.9999,0.01,223.6,70.31,0.0,409.0,1,Lodging/residential,Hog,16251.0,US/Central,0.9998859879147189
Fox_lodging_Helen,17541,0.9998,0.02,354.04,83.92,39.73,656.25,0,Lodging/residential,Fox,51394.9,US/Mountain,0.9999429972068631
Fox_education_Elois,17541,0.9998,0.02,11.22,4.0,0.0,26.28,5,Education,Fox,695.0,US/Mountain,0.9999429972068631
Hog_office_Marilyn,17540,0.9998,0.02,37.37,12.4,0.0,79.69,136,Office,Hog,5525.5,US/Central,0.9998859879147189
Hog_parking_Marcus,17541,0.9998,0.02,85.53,42.8,0.0,244.44,35,Parking,Hog,25222.4,US/Central,0.9998859879147189
Fox_office_Joy,17540,0.9998,0.02,181.95,42.81,0.0,336.59,7,Office,Fox,6581.0,US/Mountain,0.9999429972068631
Fox_food_Francesco,17541,0.9998,0.02,60.71,23.17,0.0,134.19,2,Food sales and service,Fox,2310.2,US/Mountain,0.9999429972068631
Fox_education_Maris,17540,0.9998,0.02,19.75,9.0,0.0,41.38,1963,Education,Fox,2284.1,US/Mountain,0.9999429972068631
Bear_education_Leonel,17540,0.9998,0.02,118.83,86.69,27.6,388.25,0,Education,Bear,6988.9,US/Pacific,1.0
Bear_education_Danna,17541,0.9998,0.02,102.98,43.78,34.25,229.75,0,Education,Bear,9663.4,US/Pacific,1.0
Robin_education_Derrick,17541,0.9998,0.02,403.11,66.67,155.62,682.25,0,Education,Robin,10994.0,Europe/London,0.9999429093400319
Wolf_education_Dorris,17541,0.9998,0.02,319.0,69.48,121.43,539.04,0,Education,Wolf,11678.0,Europe/Dublin,1.0
Fox_office_Sheila,17541,0.9998,0.02,9.32,4.57,0.0,27.83,3,Office,Fox,901.4,US/Mountain,0.9999429972068631
Fox_assembly_Cecelia,17541,0.9998,0.02,16.74,10.25,0.0,56.71,1,Entertainment/public assembly,Fox,1591.6,US/Mountain,0.9999429972068631
Fox_public_Rhonda,17541,0.9998,0.02,107.81,38.87,0.0,212.11,4,Public services,Fox,9555.6,US/Mountain,0.9999429972068631
Fox_religion_Maurice,17541,0.9998,0.02,1.72,1.38,0.0,5.35,1085,Religious worship,Fox,151.3,US/Mountain,0.9999429972068631
Wolf_office_Joana,17541,0.9998,0.02,14.82,4.98,0.0,30.58,2,Office,Wolf,1355.0,Europe/Dublin,1.0
Hog_parking_Antoinette,17541,0.9998,0.02,18.79,5.33,6.0,40.0,0,Parking,Hog,1949.7,US/Central,0.9998859879147189
Rat_education_Kathryn,17541,0.9998,0.02,518.93,219.41,0.08,1104.92,0,Education,Rat,30213.6,US/Eastern,0.9996579052397514
Hog_lodging_Shonda,17540,0.9998,0.02,108.5,22.44,44.0,187.0,0,Lodging/residential,Hog,21437.1,US/Central,0.9998859879147189
Mouse_health_Modesto,17540,0.9998,0.02,482.3,266.17,0.0,1267.85,1659,Healthcare,Mouse,17993.0,Europe/London,0.9999429093400319
Peacock_education_Robbie,17540,0.9998,0.02,43.92,15.55,11.33,104.15,0,Education,Peacock,5416.9,US/Eastern,0.9993728262728776
Hog_office_Man,17540,0.9998,0.02,62.26,10.62,23.24,101.02,0,Office,Hog,8099.9,US/Central,0.9998859879147189
Wolf_education_Tori,17541,0.9998,0.02,377.04,120.17,87.17,796.07,0,Education,Wolf,19044.9,Europe/Dublin,1.0
Rat_public_Kimber,17540,0.9998,0.02,227.71,160.48,1.89,934.49,0,Public services,Rat,9587.6,US/Eastern,0.9996579052397514
Rat_education_Theo,17541,0.9998,0.02,555.97,343.77,5.12,1678.19,0,Education,Rat,26830.4,US/Eastern,0.9996579052397514
Peacock_education_Yolanda,17540,0.9998,0.02,37.5,8.06,23.15,58.76,0,Education,Peacock,3675.1,US/Eastern,0.9993728262728776
Hog_industrial_Jay,17541,0.9998,0.02,232.21,70.7,0.0,378.9,1,Manufacturing/industrial,Hog,5931.6,US/Central,0.9998859879147189
Fox_education_Gayla,17541,0.9998,0.02,57.53,27.84,0.0,130.97,1221,Education,Fox,7271.3,US/Mountain,0.9999429972068631
Fox_office_Margarita,17541,0.9998,0.02,18.96,6.0,0.0,42.2,170,Office,Fox,2187.8,US/Mountain,0.9999429972068631
Fox_assembly_Gary,17540,0.9998,0.02,91.65,16.07,16.95,146.29,0,Entertainment/public assembly,Fox,2261.7,US/Mountain,0.9999429972068631
Hog_services_Marshall,17538,0.9997,0.03,79.2,23.0,0.0,161.59,23,Services,Hog,6506.9,US/Central,0.9998859879147189
Fox_lodging_Alana,17538,0.9997,0.03,201.8,39.66,38.19,336.84,0,Lodging/residential,Fox,6938.2,US/Mountain,0.9999429972068631
Wolf_office_Elisabeth,17539,0.9997,0.03,135.38,14.19,90.95,180.59,0,Office,Wolf,2591.0,Europe/Dublin,1.0
Fox_office_Israel,17538,0.9997,0.03,121.32,29.06,0.0,205.91,1,Office,Fox,11282.1,US/Mountain,0.9999429972068631
Lamb_assembly_Isa,17538,0.9997,0.03,1.77,1.72,0.0,9.62,90,Entertainment/public assembly,Lamb,690.0,Europe/London,0.9998857142857143
Robin_lodging_Donna,17539,0.9997,0.03,21.25,5.23,5.0,41.62,0,Lodging/residential,Robin,2515.0,Europe/London,0.9999429093400319
Robin_lodging_Armand,17539,0.9997,0.03,38.25,8.6,16.0,72.3,0,Lodging/residential,Robin,5246.0,Europe/London,0.9999429093400319
Wolf_public_Norma,17539,0.9997,0.03,146.66,73.03,17.32,330.0,0,Public services,Wolf,23500.0,Europe/Dublin,1.0
Robin_education_Madeline,17539,0.9997,0.03,361.62,41.24,228.5,502.0,0,Education,Robin,9335.0,Europe/London,0.9999429093400319
Lamb_education_Manuel,17538,0.9997,0.03,8.8,11.11,0.0,47.5,46,Education,Lamb,2844.0,Europe/London,0.9998857142857143
Fox_education_Heriberto,17539,0.9997,0.03,37.12,14.79,0.73,76.98,0,Education,Fox,3174.6,US/Mountain,0.9999429972068631
Rat_office_Jamal,17539,0.9997,0.03,937.93,513.86,70.66,2904.85,0,Office,Rat,27406.4,US/Eastern,0.9996579052397514
Fox_lodging_Stephen,17539,0.9997,0.03,82.22,16.95,13.94,137.78,0,Lodging/residential,Fox,8019.7,US/Mountain,0.9999429972068631
Wolf_education_Joaquin,17537,0.9996,0.04,71.51,10.54,35.03,103.21,0,Education,Wolf,2450.0,Europe/Dublin,1.0
Fox_office_Edythe,17537,0.9996,0.04,113.36,22.39,23.7,184.62,0,Office,Fox,7772.3,US/Mountain,0.9999429972068631
Fox_assembly_Lakeisha,17537,0.9996,0.04,17.64,10.04,0.0,60.47,11,Entertainment/public assembly,Fox,898.0,US/Mountain,0.9999429972068631
Fox_office_Vicki,17537,0.9996,0.04,146.77,36.51,0.0,261.24,8,Office,Fox,6580.5,US/Mountain,0.9999429972068631
Hog_education_Robert,17537,0.9996,0.04,556.55,208.92,131.81,1420.83,0,Education,Hog,30925.9,US/Central,0.9998859879147189
Hog_lodging_Shanti,17535,0.9995,0.05,265.52,75.08,4.79,624.72,0,Lodging/residential,Hog,24355.1,US/Central,0.9998859879147189
Hog_parking_Jeana,17536,0.9995,0.05,28.39,12.06,0.0,84.23,136,Parking,Hog,7782.7,US/Central,0.9998859879147189
Hog_office_Charla,17535,0.9995,0.05,181.58,22.31,126.39,264.69,0,Office,Hog,9493.9,US/Central,0.9998859879147189
Lamb_assembly_Kurt,17535,0.9995,0.05,1.35,1.5,0.0,9.5,2263,Entertainment/public assembly,Lamb,683.0,Europe/London,0.9998857142857143
Hog_assembly_Dona,17536,0.9995,0.05,293.47,90.7,86.81,607.82,0,Entertainment/public assembly,Hog,15501.4,US/Central,0.9998859879147189
Peacock_office_Burl,17535,0.9995,0.05,60.14,8.84,29.03,95.18,0,Office,Peacock,1661.0,US/Eastern,0.9993728262728776
Fox_education_Burton,17535,0.9995,0.05,47.75,12.36,0.0,97.33,4,Education,Fox,7028.1,US/Mountain,0.9999429972068631
Wolf_science_Alfreda,17535,0.9995,0.05,81.42,11.86,35.83,124.38,0,Technology/science,Wolf,914.0,Europe/Dublin,1.0
Peacock_office_Annie,17535,0.9995,0.05,76.59,34.84,31.87,194.0,0,Office,Peacock,6021.8,US/Eastern,0.9993728262728776
Bear_education_Val,17536,0.9995,0.05,374.44,43.47,196.23,514.62,0,Education,Bear,16469.9,US/Pacific,1.0
Panther_lodging_Floyd,17533,0.9994,0.06,127.33,70.35,0.0,280.18,3377,Lodging/residential,Panther,3969.8,US/Eastern,0.999829001367989
Panther_lodging_Alita,17533,0.9994,0.06,58.56,31.57,0.0,118.22,3377,Lodging/residential,Panther,5582.4,US/Eastern,0.999829001367989
Panther_education_Teofila,17533,0.9994,0.06,126.33,71.78,0.0,375.04,3377,Education,Panther,8723.3,US/Eastern,0.999829001367989
Wolf_education_Anisa,17534,0.9994,0.06,232.93,151.2,0.0,765.83,455,Education,Wolf,11008.0,Europe/Dublin,1.0
Panther_office_Karla,17533,0.9994,0.06,28.55,19.94,0.0,105.14,3377,Office,Panther,2508.4,US/Eastern,0.999829001367989
Panther_parking_Lorriane,17533,0.9994,0.06,8.66,4.9,0.0,25.5,3371,Parking,Panther,36012.7,US/Eastern,0.999829001367989
Panther_education_Tina,17534,0.9994,0.06,6.08,5.07,0.0,22.0,3357,Education,Panther,743.2,US/Eastern,0.999829001367989
Panther_retail_Felix,17533,0.9994,0.06,96.51,62.82,0.0,279.13,3377,Retail,Panther,2941.9,US/Eastern,0.999829001367989
Fox_office_Yong,17534,0.9994,0.06,135.15,42.68,0.0,297.22,6,Office,Fox,15232.3,US/Mountain,0.9999429972068631
Panther_lodging_Edmond,17533,0.9994,0.06,35.31,22.56,0.0,100.92,3377,Lodging/residential,Panther,4935.9,US/Eastern,0.999829001367989
Panther_lodging_Fausto,17534,0.9994,0.06,40.48,24.21,0.0,123.38,3377,Lodging/residential,Panther,3459.8,US/Eastern,0.999829001367989
Panther_assembly_Denice,17533,0.9994,0.06,382.04,210.98,0.0,963.91,3377,Entertainment/public assembly,Panther,34445.9,US/Eastern,0.999829001367989
Panther_education_Aurora,17534,0.9994,0.06,100.45,62.35,0.0,255.56,3376,Education,Panther,8012.9,US/Eastern,0.999829001367989
Panther_office_Jesus,17533,0.9994,0.06,80.5,54.29,0.0,224.79,3377,Office,Panther,9595.6,US/Eastern,0.999829001367989
Panther_lodging_Cornelia,17533,0.9994,0.06,34.47,22.6,0.0,128.22,3377,Lodging/residential,Panther,4935.9,US/Eastern,0.999829001367989
Panther_lodging_Willa,17533,0.9994,0.06,57.25,30.5,0.0,124.62,3280,Lodging/residential,Panther,3446.7,US/Eastern,0.999829001367989
Panther_office_Kristen,17533,0.9994,0.06,41.91,25.01,0.0,131.0,3377,Office,Panther,8719.9,US/Eastern,0.999829001367989
Peacock_lodging_Sergio,17534,0.9994,0.06,96.21,21.34,50.97,174.14,0,Lodging/residential,Peacock,10498.0,US/Eastern,0.9993728262728776
Peacock_office_Julian,17533,0.9994,0.06,24.76,10.91,6.92,64.68,0,Office,Peacock,3913.9,US/Eastern,0.9993728262728776
Panther_education_Neal,17534,0.9994,0.06,192.7,133.83,0.0,549.61,3377,Education,Panther,7578.7,US/Eastern,0.999829001367989
Panther_lodging_Tracie,17533,0.9994,0.06,45.85,28.97,0.0,130.43,3377,Lodging/residential,Panther,4935.9,US/Eastern,0.999829001367989
Panther_office_Jeane,17533,0.9994,0.06,16.67,11.71,0.0,53.05,3374,Office,Panther,654.3,US/Eastern,0.999829001367989
Panther_office_Clementine,17533,0.9994,0.06,38.75,20.87,0.0,93.85,3171,Office,Panther,3100.2,US/Eastern,0.999829001367989
Panther_parking_Adela,17533,0.9994,0.06,37.08,23.78,0.0,95.25,3377,Parking,Panther,36012.7,US/Eastern,0.999829001367989
Hog_parking_Bernardo,17534,0.9994,0.06,64.11,19.34,20.5,124.0,0,Parking,Hog,7796.3,US/Central,0.9998859879147189
Bear_education_Gavin,17533,0.9994,0.06,89.97,9.48,64.9,120.07,0,Education,Bear,7158.6,US/Pacific,1.0
Bear_education_Elise,17533,0.9994,0.06,145.2,48.4,48.0,335.58,0,Education,Bear,20664.8,US/Pacific,1.0
Hog_office_Napoleon,17533,0.9994,0.06,129.07,33.57,45.8,234.76,0,Office,Hog,12365.4,US/Central,0.9998859879147189
Peacock_lodging_Francesca,17534,0.9994,0.06,38.62,9.22,0.0,72.33,6,Lodging/residential,Peacock,3338.6,US/Eastern,0.9993728262728776
Peacock_education_Lyle,17534,0.9994,0.06,668.35,139.18,410.77,1162.18,0,Education,Peacock,17727.5,US/Eastern,0.9993728262728776
Peacock_lodging_Lou,17534,0.9994,0.06,117.82,17.35,60.72,179.6,0,Lodging/residential,Peacock,11895.7,US/Eastern,0.9993728262728776
Peacock_lodging_Jamaal,17533,0.9994,0.06,216.18,50.65,89.25,349.57,0,Lodging/residential,Peacock,25900.9,US/Eastern,0.9993728262728776
Fox_assembly_Emma,17533,0.9994,0.06,170.82,46.61,0.0,308.86,2,Entertainment/public assembly,Fox,13293.8,US/Mountain,0.9999429972068631
Peacock_public_Kelvin,17533,0.9994,0.06,284.6,79.64,91.28,593.4,0,Public services,Peacock,37324.1,US/Eastern,0.9993728262728776
Peacock_lodging_Matthew,17534,0.9994,0.06,59.58,9.51,25.43,90.67,0,Lodging/residential,Peacock,8686.4,US/Eastern,0.9993728262728776
Peacock_office_Effie,17534,0.9994,0.06,87.66,29.72,35.42,180.15,0,Office,Peacock,9723.9,US/Eastern,0.9993728262728776
Fox_education_Louie,17534,0.9994,0.06,77.65,16.2,15.23,132.02,0,Education,Fox,16645.2,US/Mountain,0.9999429972068631
Peacock_lodging_Wes,17533,0.9994,0.06,161.81,32.43,88.23,274.78,0,Lodging/residential,Peacock,9828.3,US/Eastern,0.9993728262728776
Fox_public_Denny,17533,0.9994,0.06,142.69,31.09,26.3,260.97,0,Public services,Fox,4058.1,US/Mountain,0.9999429972068631
Panther_parking_Asia,17533,0.9994,0.06,21.73,13.53,0.0,54.8,3377,Parking,Panther,36012.7,US/Eastern,0.999829001367989
Panther_lodging_Jorge,17533,0.9994,0.06,53.97,31.19,0.0,120.26,3371,Lodging/residential,Panther,3866.3,US/Eastern,0.999829001367989
Panther_parking_Mellissa,17533,0.9994,0.06,12.19,7.03,0.0,32.49,3332,Parking,Panther,36012.7,US/Eastern,0.999829001367989
Panther_office_Garth,17533,0.9994,0.06,51.14,30.12,0.0,141.55,3377,Office,Panther,4919.9,US/Eastern,0.999829001367989
Panther_lodging_Edison,17533,0.9994,0.06,83.8,46.69,0.0,204.56,3377,Lodging/residential,Panther,6072.0,US/Eastern,0.999829001367989
Panther_assembly_Carrol,17533,0.9994,0.06,21.98,17.3,0.0,121.22,3377,Entertainment/public assembly,Panther,595.7,US/Eastern,0.999829001367989
Eagle_assembly_Portia,17534,0.9994,0.06,129.37,55.71,0.0,352.86,192,Entertainment/public assembly,Eagle,3211.2,US/Eastern,0.9998289233576643
Fox_office_Rowena,17534,0.9994,0.06,36.86,13.19,0.0,85.58,19,Office,Fox,3132.0,US/Mountain,0.9999429972068631
Panther_lodging_Jana,17534,0.9994,0.06,67.3,39.91,0.0,157.95,3377,Lodging/residential,Panther,3969.8,US/Eastern,0.999829001367989
Panther_lodging_Russell,17534,0.9994,0.06,29.29,17.62,0.0,83.66,3377,Lodging/residential,Panther,2594.4,US/Eastern,0.999829001367989
Panther_parking_Alaina,17532,0.9993,0.07,30.13,18.41,0.0,78.54,3361,Parking,Panther,36012.7,US/Eastern,0.999829001367989
Panther_office_Patti,17532,0.9993,0.07,382.27,205.79,0.0,1085.54,3377,Office,Panther,14503.2,US/Eastern,0.999829001367989
Panther_other_Lula,17532,0.9993,0.07,1.05,0.88,0.0,4.58,3375,Other,Panther,192.3,US/Eastern,0.999829001367989
Panther_parking_Charlene,17532,0.9993,0.07,34.31,20.6,0.0,86.46,3378,Parking,Panther,45284.0,US/Eastern,0.999829001367989
Panther_education_Mohammad,17532,0.9993,0.07,119.87,66.72,0.0,267.53,3336,Education,Panther,10244.6,US/Eastern,0.999829001367989
Panther_lodging_Dianna,17532,0.9993,0.07,41.81,22.97,0.0,101.78,3377,Lodging/residential,Panther,2272.0,US/Eastern,0.999829001367989
Panther_education_Jonathan,17532,0.9993,0.07,6.47,4.45,0.0,17.02,4012,Education,Panther,331.6,US/Eastern,0.999829001367989
Panther_office_Catherine,17532,0.9993,0.07,35.75,24.02,0.0,130.19,3377,Office,Panther,2504.0,US/Eastern,0.999829001367989
Panther_lodging_Myrtle,17532,0.9993,0.07,42.67,23.09,0.0,91.44,3377,Lodging/residential,Panther,2272.0,US/Eastern,0.999829001367989
Panther_lodging_Awilda,17532,0.9993,0.07,72.42,39.33,0.0,192.55,3377,Lodging/residential,Panther,5499.9,US/Eastern,0.999829001367989
Panther_office_Valarie,17532,0.9993,0.07,27.25,16.06,0.0,76.97,3377,Office,Panther,1416.8,US/Eastern,0.999829001367989
Eagle_assembly_Herbert,17531,0.9993,0.07,68.31,34.02,0.0,175.5,112,Entertainment/public assembly,Eagle,7691.3,US/Eastern,0.9998289233576643
Fox_education_Dewayne,17532,0.9993,0.07,77.5,30.53,0.0,174.34,6,Education,Fox,8892.4,US/Mountain,0.9999429972068631
Peacock_education_Ophelia,17531,0.9993,0.07,699.45,42.35,537.05,836.45,0,Education,Peacock,11226.0,US/Eastern,0.9993728262728776
Fox_food_Scott,17532,0.9993,0.07,73.8,28.49,0.0,156.38,4,Food sales and service,Fox,2681.4,US/Mountain,0.9999429972068631
Hog_office_Mike,17531,0.9993,0.07,65.18,18.73,25.27,144.06,0,Office,Hog,5924.5,US/Central,0.9998859879147189
Peacock_assembly_Socorro,17532,0.9993,0.07,22.03,19.08,1.14,96.41,0,Entertainment/public assembly,Peacock,4880.6,US/Eastern,0.9993728262728776
Fox_lodging_Wallace,17531,0.9993,0.07,350.83,62.62,66.61,507.36,0,Lodging/residential,Fox,5885.2,US/Mountain,0.9999429972068631
Peacock_lodging_Nova,17531,0.9993,0.07,19.0,7.66,0.0,52.17,11,Lodging/residential,Peacock,4507.6,US/Eastern,0.9993728262728776
Fox_education_Leona,17531,0.9993,0.07,271.28,59.97,51.7,445.85,0,Education,Fox,26286.5,US/Mountain,0.9999429972068631
Eagle_education_Lino,17532,0.9993,0.07,187.14,51.68,0.0,373.11,173,Education,Eagle,12911.4,US/Eastern,0.9998289233576643
Panther_lodging_Anastasia,17532,0.9993,0.07,41.63,22.79,0.0,110.49,3377,Lodging/residential,Panther,2272.0,US/Eastern,0.999829001367989
Panther_lodging_Kaitlin,17532,0.9993,0.07,39.43,25.04,0.0,107.62,3376,Lodging/residential,Panther,4935.9,US/Eastern,0.999829001367989
Panther_education_Gina,17532,0.9993,0.07,337.35,173.73,0.0,567.51,3352,Education,Panther,10833.1,US/Eastern,0.999829001367989
Panther_office_Lois,17532,0.9993,0.07,118.76,61.14,0.0,257.61,3375,Office,Panther,1186.3,US/Eastern,0.999829001367989
Panther_lodging_Teresita,17532,0.9993,0.07,53.65,31.2,0.0,126.61,3376,Lodging/residential,Panther,3866.3,US/Eastern,0.999829001367989
Panther_lodging_Sonja,17532,0.9993,0.07,91.53,51.14,0.0,214.44,3377,Lodging/residential,Panther,7746.2,US/Eastern,0.999829001367989
Panther_education_Zelda,17532,0.9993,0.07,66.73,41.4,0.0,212.04,3378,Education,Panther,7519.8,US/Eastern,0.999829001367989
Panther_education_Diann,17532,0.9993,0.07,72.34,50.65,0.0,274.61,3379,Education,Panther,2200.4,US/Eastern,0.999829001367989
Panther_office_Christian,17532,0.9993,0.07,27.95,17.07,0.0,77.37,3378,Office,Panther,1553.9,US/Eastern,0.999829001367989
Panther_education_Mattie,17532,0.9993,0.07,5.4,4.72,0.0,25.2,3374,Education,Panther,499.4,US/Eastern,0.999829001367989
Panther_parking_Stanley,17532,0.9993,0.07,34.87,20.49,0.0,66.23,3389,Parking,Panther,36012.7,US/Eastern,0.999829001367989
Panther_education_Vincent,17532,0.9993,0.07,122.54,71.23,0.0,339.96,3378,Education,Panther,11248.1,US/Eastern,0.999829001367989
Panther_office_Antonette,17531,0.9993,0.07,25.38,15.5,0.0,69.75,3378,Office,Panther,1752.2,US/Eastern,0.999829001367989
Panther_education_Alecia,17531,0.9993,0.07,184.0,103.77,0.0,436.88,3377,Education,Panther,9805.4,US/Eastern,0.999829001367989
Panther_lodging_Janice,17532,0.9993,0.07,44.61,24.01,0.0,113.71,3377,Lodging/residential,Panther,2272.0,US/Eastern,0.999829001367989
Panther_office_Taryn,17532,0.9993,0.07,75.16,40.32,0.0,165.93,3378,Office,Panther,6003.3,US/Eastern,0.999829001367989
Rat_education_Lee,17532,0.9993,0.07,403.42,112.38,48.63,792.72,0,Education,Rat,26291.5,US/Eastern,0.9996579052397514
Panther_lodging_Blaine,17532,0.9993,0.07,61.07,35.55,0.0,146.83,3377,Lodging/residential,Panther,3594.0,US/Eastern,0.999829001367989
Panther_office_Larry,17532,0.9993,0.07,42.32,25.57,0.0,129.83,3378,Office,Panther,1738.9,US/Eastern,0.999829001367989
Panther_retail_Gilbert,17532,0.9993,0.07,0.59,0.41,0.0,1.52,4356,Retail,Panther,1421.8,US/Eastern,0.999829001367989
Panther_office_Shauna,17532,0.9993,0.07,77.67,52.07,0.0,317.26,3378,Office,Panther,4495.8,US/Eastern,0.999829001367989
Panther_other_Bethel,17532,0.9993,0.07,3.36,1.88,0.0,9.09,3377,Other,Panther,281.0,US/Eastern,0.999829001367989
Panther_lodging_Hattie,17532,0.9993,0.07,113.52,61.64,0.0,298.05,3376,Lodging/residential,Panther,3594.0,US/Eastern,0.999829001367989
Panther_education_Janis,17530,0.9992,0.08,21.46,14.97,0.0,77.56,3380,Education,Panther,1015.6,US/Eastern,0.999829001367989
Fox_education_Leota,17530,0.9992,0.08,216.18,51.09,43.22,376.22,0,Education,Fox,12311.3,US/Mountain,0.9999429972068631
Fox_lodging_Warren,17530,0.9992,0.08,36.25,7.41,6.51,66.66,0,Lodging/residential,Fox,4562.3,US/Mountain,0.9999429972068631
Bear_education_Paola,17530,0.9992,0.08,149.28,59.96,69.34,359.31,0,Education,Bear,12802.6,US/Pacific,1.0
Peacock_education_Patience,17530,0.9992,0.08,27.29,9.6,7.15,55.8,0,Education,Peacock,2836.4,US/Eastern,0.9993728262728776
Wolf_retail_Harriett,17530,0.9992,0.08,43.67,19.87,0.0,121.55,481,Retail,Wolf,4108.0,Europe/Dublin,1.0
Fox_assembly_Cindy,17530,0.9992,0.08,49.54,10.42,6.78,85.55,0,Entertainment/public assembly,Fox,3765.5,US/Mountain,0.9999429972068631
Hog_industrial_Joanne,17530,0.9992,0.08,150.32,76.29,19.58,340.92,0,Manufacturing/industrial,Hog,5281.6,US/Central,0.9998859879147189
Fox_lodging_Jina,17528,0.9991,0.09,141.97,22.77,30.79,209.17,0,Lodging/residential,Fox,9888.6,US/Mountain,0.9999429972068631
Hog_assembly_Colette,17528,0.9991,0.09,359.74,173.2,81.64,1064.49,0,Entertainment/public assembly,Hog,21783.5,US/Central,0.9998859879147189
Hog_assembly_Jasmine,17528,0.9991,0.09,85.09,25.38,23.24,157.72,0,Entertainment/public assembly,Hog,5314.1,US/Central,0.9998859879147189
Hog_education_Wayne,17529,0.9991,0.09,165.05,39.31,1.76,309.09,0,Education,Hog,7964.8,US/Central,0.9998859879147189
Lamb_other_Katharina,17528,0.9991,0.09,9.22,10.23,0.0,63.69,46,Other,Lamb,536.0,Europe/London,0.9998857142857143
Panther_education_Annetta,17529,0.9991,0.09,87.07,48.11,0.0,233.25,3377,Education,Panther,9232.7,US/Eastern,0.999829001367989
Panther_office_Lavinia,17528,0.9991,0.09,18.53,10.07,0.0,50.09,3377,Office,Panther,1001.4,US/Eastern,0.999829001367989
Fox_lodging_Isabell,17528,0.9991,0.09,27.71,4.25,9.03,44.78,0,Lodging/residential,Fox,2875.3,US/Mountain,0.9999429972068631
Fox_education_Etta,17528,0.9991,0.09,198.63,53.54,0.0,389.17,4,Education,Fox,4497.5,US/Mountain,0.9999429972068631
Fox_education_Ollie,17526,0.999,0.1,108.01,21.81,19.01,182.0,0,Education,Fox,6698.5,US/Mountain,0.9999429972068631
Peacock_education_Gilberto,17527,0.999,0.1,1027.8,94.9,663.89,1411.0,0,Education,Peacock,23225.8,US/Eastern,0.9993728262728776
Hog_other_Tobias,17527,0.999,0.1,37.47,12.47,8.83,76.7,0,Other,Hog,2220.7,US/Central,0.9998859879147189
Panther_education_Edna,17527,0.999,0.1,104.53,59.39,0.0,291.31,3339,Education,Panther,9896.3,US/Eastern,0.999829001367989
Wolf_office_Cary,17526,0.999,0.1,244.77,78.83,34.38,428.86,0,Office,Wolf,11795.0,Europe/Dublin,1.0
Panther_office_Hannah,17524,0.9989,0.11,5.39,4.2,0.0,20.5,3378,Office,Panther,375.1,US/Eastern,0.999829001367989
Lamb_education_Felipe,17524,0.9989,0.11,27.11,27.28,0.0,149.9,578,Education,Lamb,9005.0,Europe/London,0.9998857142857143
Fox_assembly_Dixie,17524,0.9989,0.11,73.0,62.19,0.0,263.88,1,Entertainment/public assembly,Fox,9801.7,US/Mountain,0.9999429972068631
Panther_education_Misty,17524,0.9989,0.11,27.26,15.09,0.0,74.73,3237,Education,Panther,252.7,US/Eastern,0.999829001367989
Fox_education_Sterling,17524,0.9989,0.11,22.34,16.17,0.0,65.23,2,Education,Fox,4106.6,US/Mountain,0.9999429972068631
Panther_education_Rosalie,17524,0.9989,0.11,52.47,28.25,0.0,131.3,3373,Education,Panther,690.5,US/Eastern,0.999829001367989
Bear_education_Sharon,17523,0.9988,0.12,112.22,13.69,75.5,161.5,0,Education,Bear,5261.7,US/Pacific,1.0
Fox_lodging_Winifred,17523,0.9988,0.12,84.14,12.14,31.72,129.43,0,Lodging/residential,Fox,5582.2,US/Mountain,0.9999429972068631
Robin_education_Mercedes,17522,0.9987,0.13,254.74,62.2,47.16,533.09,0,Education,Robin,5295.0,Europe/London,0.9999429093400319
Peacock_office_Norman,17522,0.9987,0.13,36.39,9.17,15.98,72.28,0,Office,Peacock,3044.1,US/Eastern,0.9993728262728776
Eagle_office_Dallas,17522,0.9987,0.13,51.83,18.91,0.0,118.47,161,Office,Eagle,3522.6,US/Eastern,0.9998289233576643
Robin_office_Dina,17522,0.9987,0.13,35.57,10.91,6.5,79.5,0,Office,Robin,4213.0,Europe/London,0.9999429093400319
Wolf_education_Roderick,17522,0.9987,0.13,5.11,2.78,0.0,16.14,5,Education,Wolf,818.0,Europe/Dublin,1.0
Fox_office_Susanne,17522,0.9987,0.13,17.63,9.5,0.0,54.43,2,Office,Fox,941.6,US/Mountain,0.9999429972068631
Hog_health_Jenny,17521,0.9987,0.13,181.72,32.95,53.88,272.45,0,Healthcare,Hog,6916.0,US/Central,0.9998859879147189
Bull_office_Trevor,17521,0.9987,0.13,38.21,24.62,0.0,114.0,4478,Office,Bull,3546.4,US/Central,0.9981174054424097
Hog_office_Migdalia,17521,0.9987,0.13,33.72,13.03,5.98,87.46,0,Office,Hog,6754.9,US/Central,0.9998859879147189
Bull_education_Annette,17520,0.9986,0.14,104.74,67.78,0.0,590.0,3685,Education,Bull,6484.5,US/Central,0.9981174054424097
Hog_health_Kesha,17519,0.9986,0.14,246.19,29.71,131.51,335.0,0,Healthcare,Hog,10757.1,US/Central,0.9998859879147189
Bull_lodging_Xavier,17519,0.9986,0.14,9.18,5.82,0.0,35.76,278,Lodging/residential,Bull,750.6,US/Central,0.9981174054424097
Hog_office_Eloise,17519,0.9986,0.14,325.07,48.43,238.2,441.25,0,Office,Hog,11419.8,US/Central,0.9998859879147189
Rat_office_Adele,17517,0.9985,0.15,599.65,233.26,0.0,1363.72,2,Office,Rat,37904.4,US/Eastern,0.9996579052397514
Rat_office_Lora,17517,0.9985,0.15,427.75,222.78,0.0,1270.83,1,Office,Rat,21274.8,US/Eastern,0.9996579052397514
Lamb_education_Willetta,17518,0.9985,0.15,0.0,0.0,0.0,0.0,0,Education,Lamb,3528.0,Europe/London,0.9998857142857143
Rat_education_Kandice,17517,0.9985,0.15,67.18,41.57,0.0,228.37,7,Education,Rat,9643.3,US/Eastern,0.9996579052397514
Panther_education_Emily,17517,0.9985,0.15,105.76,64.12,0.0,369.67,3321,Education,Panther,6326.1,US/Eastern,0.999829001367989
Panther_office_Danica,17517,0.9985,0.15,4.11,2.81,0.0,14.05,3378,Office,Panther,210.0,US/Eastern,0.999829001367989
Fox_education_Melinda,17518,0.9985,0.15,408.03,66.6,79.61,620.41,0,Education,Fox,18984.6,US/Mountain,0.9999429972068631
Rat_education_Calvin,17516,0.9984,0.16,37.16,14.34,0.0,85.15,15,Education,Rat,5304.8,US/Eastern,0.9996579052397514
Rat_office_Loyd,17516,0.9984,0.16,55.37,18.79,22.64,119.59,0,Office,Rat,2779.3,US/Eastern,0.9996579052397514
Rat_public_Deidre,17516,0.9984,0.16,8.98,2.8,3.0,20.34,0,Public services,Rat,657.7,US/Eastern,0.9996579052397514
Rat_public_Joann,17516,0.9984,0.16,17.62,4.96,6.58,33.92,0,Public services,Rat,597.5,US/Eastern,0.9996579052397514
Peacock_office_Elton,17516,0.9984,0.16,158.31,21.82,92.27,230.22,0,Office,Peacock,9694.9,US/Eastern,0.9993728262728776
Rat_public_Sharron,17516,0.9984,0.16,43.4,9.71,0.0,68.68,17,Public services,Rat,2862.3,US/Eastern,0.9996579052397514
Bull_lodging_Charlotte,17516,0.9984,0.16,10.45,6.16,0.0,30.0,277,Lodging/residential,Bull,750.6,US/Central,0.9981174054424097
Rat_assembly_Ezequiel,17516,0.9984,0.16,40.8,27.95,0.0,137.12,1,Entertainment/public assembly,Rat,1385.5,US/Eastern,0.9996579052397514
Rat_assembly_Kenya,17516,0.9984,0.16,64.69,25.39,0.0,172.27,6,Entertainment/public assembly,Rat,2141.9,US/Eastern,0.9996579052397514
Bull_services_Winford,17516,0.9984,0.16,46.64,13.74,0.0,112.0,299,Services,Bull,19904.7,US/Central,0.9981174054424097
Rat_public_Allie,17516,0.9984,0.16,11.53,5.6,0.0,27.46,1,Public services,Rat,810.7,US/Eastern,0.9996579052397514
Rat_education_Cedric,17516,0.9984,0.16,93.19,25.82,44.03,194.91,0,Education,Rat,6169.1,US/Eastern,0.9996579052397514
Rat_public_Leo,17516,0.9984,0.16,18.1,4.36,0.0,34.07,13,Public services,Rat,1217.0,US/Eastern,0.9996579052397514
Fox_education_Long,17516,0.9984,0.16,147.22,50.41,16.79,255.72,0,Education,Fox,12733.7,US/Mountain,0.9999429972068631
Rat_public_Mark,17516,0.9984,0.16,22.97,12.96,0.0,69.68,11,Public services,Rat,303.5,US/Eastern,0.9996579052397514
Hog_office_Elizbeth,17514,0.9983,0.17,138.28,21.87,49.29,217.0,0,Office,Hog,8593.5,US/Central,0.9998859879147189
Rat_education_Keith,17515,0.9983,0.17,104.94,30.22,10.08,228.64,0,Education,Rat,9420.4,US/Eastern,0.9996579052397514
Rat_education_Dana,17515,0.9983,0.17,97.68,35.55,0.84,221.54,0,Education,Rat,6577.5,US/Eastern,0.9996579052397514
Bull_education_Mario,17514,0.9983,0.17,102.01,37.64,0.0,256.0,273,Education,Bull,8477.8,US/Central,0.9981174054424097
Hog_office_Josefina,17514,0.9983,0.17,181.35,34.59,61.39,291.39,0,Office,Hog,14636.4,US/Central,0.9998859879147189
Rat_public_Tricia,17515,0.9983,0.17,37.51,15.64,12.05,97.91,0,Public services,Rat,558.3,US/Eastern,0.9996579052397514
Rat_assembly_Viola,17515,0.9983,0.17,53.93,25.69,0.0,143.01,2,Entertainment/public assembly,Rat,3380.5,US/Eastern,0.9996579052397514
Rat_warehouse_Eloisa,17514,0.9983,0.17,90.96,74.45,6.65,365.87,0,Warehouse/storage,Rat,18843.4,US/Eastern,0.9996579052397514
Fox_lodging_Stephan,17515,0.9983,0.17,30.47,4.92,5.92,49.64,0,Lodging/residential,Fox,3382.2,US/Mountain,0.9999429972068631
Robin_education_Cecilia,17515,0.9983,0.17,52.2,15.45,7.5,112.5,0,Education,Robin,1439.0,Europe/London,0.9999429093400319
Bull_office_Efren,17513,0.9982,0.18,49.45,22.93,0.0,129.0,276,Office,Bull,8005.2,US/Central,0.9981174054424097
Panther_education_Scarlett,17513,0.9982,0.18,17.92,11.58,0.0,54.93,3292,Education,Panther,2737.8,US/Eastern,0.999829001367989
Bull_education_Myra,17512,0.9982,0.18,47.29,18.27,0.0,125.0,281,Education,Bull,5527.5,US/Central,0.9981174054424097
Rat_office_Sammy,17512,0.9982,0.18,53.67,22.12,5.54,143.46,0,Office,Rat,2912.1,US/Eastern,0.9996579052397514
Rat_lodging_Jeannette,17513,0.9982,0.18,5.18,2.27,0.0,15.32,2,Lodging/residential,Rat,464.5,US/Eastern,0.9996579052397514
Hog_public_Brad,17513,0.9982,0.18,1000.37,89.22,707.79,1325.54,0,Public services,Hog,22066.1,US/Central,0.9998859879147189
Fox_public_Lauren,17512,0.9982,0.18,122.19,18.47,49.79,168.74,0,Public services,Fox,9262.4,US/Mountain,0.9999429972068631
Rat_education_Beverly,17512,0.9982,0.18,659.58,298.29,0.4,1844.34,0,Education,Rat,36603.8,US/Eastern,0.9996579052397514
Bull_assembly_Gerri,17512,0.9982,0.18,147.37,62.18,0.0,408.0,299,Entertainment/public assembly,Bull,11079.8,US/Central,0.9981174054424097
Bull_assembly_Goldie,17512,0.9982,0.18,57.35,19.23,0.0,143.0,300,Entertainment/public assembly,Bull,4864.1,US/Central,0.9981174054424097
Bobcat_other_Timothy,17512,0.9982,0.18,18.32,9.05,0.0,49.62,1045,Other,Bobcat,938.6,US/Mountain,0.9982310984308131
Bull_education_Dakota,17513,0.9982,0.18,54.55,23.91,0.0,155.0,274,Education,Bull,3585.9,US/Central,0.9981174054424097
Hog_office_Candi,17513,0.9982,0.18,309.47,79.87,93.91,506.15,0,Office,Hog,18156.7,US/Central,0.9998859879147189
Lamb_office_Raymond,17512,0.9982,0.18,6.87,8.71,0.0,43.3,46,Office,Lamb,1805.0,Europe/London,0.9998857142857143
Rat_public_Leta,17513,0.9982,0.18,17.02,5.21,0.0,35.64,1,Public services,Rat,943.1,US/Eastern,0.9996579052397514
Fox_education_Andre,17513,0.9982,0.18,455.07,50.52,263.04,640.88,0,Education,Fox,17044.0,US/Mountain,0.9999429972068631
Rat_assembly_Mirta,17512,0.9982,0.18,168.64,64.48,0.0,405.92,3,Entertainment/public assembly,Rat,8000.8,US/Eastern,0.9996579052397514
Hog_office_Shon,17513,0.9982,0.18,77.9,24.78,26.84,153.94,0,Office,Hog,7837.8,US/Central,0.9998859879147189
Rat_education_Meghan,17512,0.9982,0.18,53.59,25.41,0.0,155.57,1,Education,Rat,4561.5,US/Eastern,0.9996579052397514
Hog_parking_Joan,17510,0.9981,0.19,0.0,0.0,0.0,0.0,17510,Parking,Hog,49007.2,US/Central,0.9998859879147189
Bull_lodging_Allen,17510,0.9981,0.19,9.2,6.02,0.0,36.96,276,Lodging/residential,Bull,748.0,US/Central,0.9981174054424097
Bull_assembly_Lesa,17511,0.9981,0.19,10.52,4.1,0.0,27.0,308,Entertainment/public assembly,Bull,1892.6,US/Central,0.9981174054424097
Bull_services_Rachelle,17510,0.9981,0.19,103.22,25.97,0.0,210.0,299,Services,Bull,34691.5,US/Central,0.9981174054424097
Bull_lodging_Caren,17511,0.9981,0.19,139.69,35.72,0.0,268.0,282,Lodging/residential,Bull,16509.6,US/Central,0.9981174054424097
Moose_education_Clark,17511,0.9981,0.19,845.27,286.27,198.96,1457.31,0,Education,Moose,70999.9,US/Eastern,1.0
Fox_education_Nilda,17511,0.9981,0.19,136.02,36.02,12.59,257.46,0,Education,Fox,10371.2,US/Mountain,0.9999429972068631
Bull_education_Matilda,17510,0.9981,0.19,85.61,38.28,0.0,220.0,1529,Education,Bull,10069.9,US/Central,0.9981174054424097
Hog_office_Mary,17511,0.9981,0.19,32.01,14.46,9.15,74.74,0,Office,Hog,4931.0,US/Central,0.9998859879147189
Rat_education_Kelsey,17510,0.9981,0.19,157.88,41.97,5.19,343.72,0,Education,Rat,9227.6,US/Eastern,0.9996579052397514
Hog_education_Sonia,17510,0.9981,0.19,626.07,86.04,415.21,928.13,0,Education,Hog,17103.3,US/Central,0.9998859879147189
Rat_public_Laverne,17510,0.9981,0.19,12.74,4.18,0.0,28.66,22,Public services,Rat,1108.7,US/Eastern,0.9996579052397514
Moose_education_Florence,17511,0.9981,0.19,219.35,202.93,0.0,713.88,5647,Education,Moose,26999.9,US/Eastern,1.0
Bull_education_Linnie,17510,0.9981,0.19,191.58,70.78,0.0,486.0,299,Education,Bull,14307.0,US/Central,0.9981174054424097
Bull_education_Brady,17510,0.9981,0.19,33.15,15.66,0.0,84.0,274,Education,Bull,3636.5,US/Central,0.9981174054424097
Bull_assembly_Vanessa,17511,0.9981,0.19,133.11,35.82,0.0,294.0,275,Entertainment/public assembly,Bull,12776.2,US/Central,0.9981174054424097
Bull_education_Nichole,17510,0.9981,0.19,196.34,52.74,0.0,406.0,299,Education,Bull,19058.2,US/Central,0.9981174054424097
Moose_education_Rene,17511,0.9981,0.19,482.06,303.93,127.64,1614.99,0,Education,Moose,37999.9,US/Eastern,1.0
Moose_education_Marina,17510,0.9981,0.19,40.45,10.22,16.69,72.84,0,Education,Moose,6000.0,US/Eastern,1.0
Moose_education_Marlon,17510,0.9981,0.19,184.99,71.27,33.33,357.88,0,Education,Moose,21000.0,US/Eastern,1.0
Rat_health_Tanya,17511,0.9981,0.19,51.38,23.11,7.58,121.56,0,Healthcare,Rat,2712.0,US/Eastern,0.9996579052397514
Moose_education_Leland,17511,0.9981,0.19,984.6,1039.94,0.0,4861.7,4609,Education,Moose,48999.9,US/Eastern,1.0
Bull_education_Bryon,17509,0.998,0.2,34.85,10.74,0.0,69.0,277,Education,Bull,4723.7,US/Central,0.9981174054424097
Lamb_education_Lazaro,17509,0.998,0.2,19.51,25.82,0.0,116.6,0,Education,Lamb,8866.0,Europe/London,0.9998857142857143
Bull_assembly_Freddie,17509,0.998,0.2,220.36,77.61,0.0,493.0,300,Entertainment/public assembly,Bull,21815.4,US/Central,0.9981174054424097
Bull_education_Fabiola,17509,0.998,0.2,182.76,53.95,0.0,368.0,300,Education,Bull,10370.1,US/Central,0.9981174054424097
Bull_education_Olive,17509,0.998,0.2,66.2,27.39,0.0,159.0,307,Education,Bull,5370.8,US/Central,0.9981174054424097
Bull_education_Gregory,17509,0.998,0.2,71.55,23.41,0.0,149.0,303,Education,Bull,17333.1,US/Central,0.9981174054424097
Bull_office_Marco,17509,0.998,0.2,49.76,23.56,0.0,139.0,1407,Office,Bull,3165.4,US/Central,0.9981174054424097
Bull_education_Tracey,17508,0.9979,0.21,185.96,56.89,0.0,389.0,277,Education,Bull,24014.6,US/Central,0.9981174054424097
Bull_education_Kendra,17507,0.9979,0.21,458.89,131.62,0.0,980.0,315,Education,Bull,16640.3,US/Central,0.9981174054424097
Moose_education_Abbie,17508,0.9979,0.21,1249.1,254.65,335.86,2026.79,0,Education,Moose,45000.0,US/Eastern,1.0
Bear_education_Marta,17507,0.9979,0.21,41.9,22.96,0.0,103.0,1,Education,Bear,4455.1,US/Pacific,1.0
Bull_services_Jeanmarie,17508,0.9979,0.21,43.98,13.75,0.0,95.0,431,Services,Bull,32149.6,US/Central,0.9981174054424097
Hog_office_Corie,17507,0.9979,0.21,88.4,34.12,25.0,190.0,0,Office,Hog,11102.7,US/Central,0.9998859879147189
Bull_education_Magaret,17507,0.9979,0.21,70.43,30.09,0.0,181.0,303,Education,Bull,7954.6,US/Central,0.9981174054424097
Bull_lodging_Jeremiah,17508,0.9979,0.21,58.1,19.76,0.0,142.0,302,Lodging/residential,Bull,5326.5,US/Central,0.9981174054424097
Bull_education_Sebastian,17507,0.9979,0.21,37.79,12.62,0.0,73.0,299,Education,Bull,5117.7,US/Central,0.9981174054424097
Bull_education_Reynaldo,17508,0.9979,0.21,31.88,10.02,0.0,71.0,275,Education,Bull,4384.2,US/Central,0.9981174054424097
Bull_education_Pablo,17508,0.9979,0.21,37.59,14.0,0.0,86.0,301,Education,Bull,4810.3,US/Central,0.9981174054424097
Peacock_assembly_Dena,17505,0.9978,0.22,239.92,68.29,0.0,406.95,2,Entertainment/public assembly,Peacock,10065.0,US/Eastern,0.9993728262728776
Peacock_lodging_Mathew,17505,0.9978,0.22,54.61,12.49,0.0,102.15,10,Lodging/residential,Peacock,8669.1,US/Eastern,0.9993728262728776
Peacock_office_Dara,17506,0.9978,0.22,162.56,64.08,45.8,340.93,0,Office,Peacock,4644.2,US/Eastern,0.9993728262728776
Rat_education_Nellie,17505,0.9978,0.22,435.07,158.05,0.0,943.95,3,Education,Rat,26217.2,US/Eastern,0.9996579052397514
Bobcat_education_Alissa,17506,0.9978,0.22,56.89,25.17,0.0,154.5,1009,Education,Bobcat,11254.8,US/Mountain,0.9982310984308131
Panther_education_Ivan,17506,0.9978,0.22,106.12,57.1,0.0,275.09,3377,Education,Panther,5751.1,US/Eastern,0.999829001367989
Bear_assembly_Beatrice,17505,0.9978,0.22,42.96,15.63,1.75,83.0,0,Entertainment/public assembly,Bear,2802.0,US/Pacific,1.0
Peacock_lodging_Chloe,17505,0.9978,0.22,32.08,10.43,0.0,75.65,2,Lodging/residential,Peacock,4120.4,US/Eastern,0.9993728262728776
Peacock_education_Pasquale,17506,0.9978,0.22,186.17,13.1,124.77,228.6,0,Education,Peacock,3343.6,US/Eastern,0.9993728262728776
Bull_education_Dora,17505,0.9978,0.22,112.24,43.1,0.0,262.0,337,Education,Bull,15672.4,US/Central,0.9981174054424097
Bull_office_Yvonne,17506,0.9978,0.22,162.62,49.23,0.0,307.0,301,Office,Bull,18019.5,US/Central,0.9981174054424097
Peacock_education_Dustin,17504,0.9977,0.23,46.04,12.76,0.0,82.83,2,Education,Peacock,7462.4,US/Eastern,0.9993728262728776
Bear_assembly_Ruby,17504,0.9977,0.23,69.33,13.23,34.75,118.0,0,Entertainment/public assembly,Bear,11538.3,US/Pacific,1.0
Robin_education_So,17504,0.9977,0.23,491.59,62.43,347.7,711.38,0,Education,Robin,12051.0,Europe/London,0.9999429093400319
Bull_office_Debbie,17504,0.9977,0.23,28.96,11.96,0.0,64.0,324,Office,Bull,4782.9,US/Central,0.9981174054424097
Fox_lodging_Morris,17503,0.9977,0.23,23.48,3.78,8.26,35.37,0,Lodging/residential,Fox,3051.0,US/Mountain,0.9999429972068631
Bear_education_Herb,17503,0.9977,0.23,12.93,4.73,7.01,30.31,0,Education,Bear,2212.5,US/Pacific,1.0
Rat_education_Ulrike,17503,0.9977,0.23,103.85,31.59,0.0,227.8,14,Education,Rat,4318.5,US/Eastern,0.9996579052397514
Hog_education_George,17503,0.9977,0.23,215.01,29.64,80.7,351.17,0,Education,Hog,6719.9,US/Central,0.9998859879147189
Bull_office_Rob,17504,0.9977,0.23,268.76,85.28,0.0,543.0,367,Office,Bull,30885.3,US/Central,0.9981174054424097
Peacock_education_Anita,17504,0.9977,0.23,11.57,4.56,1.55,32.78,0,Education,Peacock,1255.3,US/Eastern,0.9993728262728776
Bull_education_Juan,17504,0.9977,0.23,214.53,68.5,0.0,458.0,308,Education,Bull,26212.8,US/Central,0.9981174054424097
Bear_education_Patricia,17503,0.9977,0.23,632.36,69.41,460.3,849.75,0,Education,Bear,16996.0,US/Pacific,1.0
Fox_education_Elvira,17502,0.9976,0.24,188.79,53.6,0.0,412.19,1,Education,Fox,13826.7,US/Mountain,0.9999429972068631
Hog_education_Jared,17502,0.9976,0.24,13.65,8.12,0.0,39.68,110,Education,Hog,1317.8,US/Central,0.9998859879147189
Peacock_education_Forest,17502,0.9976,0.24,88.52,18.22,35.15,162.45,0,Education,Peacock,7178.0,US/Eastern,0.9993728262728776
Bull_education_Brandi,17500,0.9975,0.25,27.36,10.98,0.0,68.0,274,Education,Bull,2901.6,US/Central,0.9981174054424097
Peacock_lodging_Terrie,17500,0.9975,0.25,40.22,8.76,7.07,76.9,0,Lodging/residential,Peacock,4367.1,US/Eastern,0.9993728262728776
Robin_education_Megan,17501,0.9975,0.25,250.96,47.63,56.0,451.5,0,Education,Robin,7579.0,Europe/London,0.9999429093400319
Bear_education_Pattie,17501,0.9975,0.25,172.79,34.0,92.25,329.25,0,Education,Bear,8032.9,US/Pacific,1.0
Bear_education_Herman,17501,0.9975,0.25,0.28,0.14,0.1,0.84,0,Education,Bear,371.6,US/Pacific,1.0
Bear_education_Yuri,17500,0.9975,0.25,17.97,12.53,4.92,50.92,0,Education,Bear,3793.7,US/Pacific,1.0
Bear_education_Oscar,17501,0.9975,0.25,11.7,4.08,2.87,24.91,0,Education,Bear,2186.3,US/Pacific,1.0
Bull_education_Patrina,17500,0.9975,0.25,18.0,6.0,0.0,40.0,303,Education,Bull,5054.4,US/Central,0.9981174054424097
Rat_warehouse_Doretta,17501,0.9975,0.25,157.44,33.47,20.2,295.05,0,Warehouse/storage,Rat,10454.9,US/Eastern,0.9996579052397514
Fox_office_Alice,17501,0.9975,0.25,361.17,37.11,227.61,473.66,0,Office,Fox,18806.8,US/Mountain,0.9999429972068631
Bear_education_Marsha,17501,0.9975,0.25,88.02,23.93,50.56,170.64,0,Education,Bear,10304.7,US/Pacific,1.0
Panther_parking_Jody,17498,0.9974,0.26,23.85,21.12,0.0,54.73,4188,Parking,Panther,36012.7,US/Eastern,0.999829001367989
Hog_education_Beth,17499,0.9974,0.26,107.42,35.54,34.86,243.81,0,Education,Hog,13254.7,US/Central,0.9998859879147189
Bear_parking_Gordon,17499,0.9974,0.26,27.76,0.74,26.17,29.95,0,Parking,Bear,9154.6,US/Pacific,1.0
Fox_education_Kris,17498,0.9974,0.26,106.31,56.18,0.0,288.19,7,Education,Fox,2837.5,US/Mountain,0.9999429972068631
Hog_office_Guadalupe,17497,0.9973,0.27,46.95,21.53,0.0,121.0,1,Office,Hog,6778.0,US/Central,0.9998859879147189
Bear_education_Clint,17497,0.9973,0.27,56.76,9.69,20.67,89.5,0,Education,Bear,3836.6,US/Pacific,1.0
Fox_education_Willis,17497,0.9973,0.27,2435.57,235.05,1597.18,3130.65,0,Education,Fox,24265.1,US/Mountain,0.9999429972068631
Rat_education_Robyn,17496,0.9973,0.27,154.91,59.54,55.94,379.96,0,Education,Rat,9188.1,US/Eastern,0.9996579052397514
Bull_office_Ivette,17496,0.9973,0.27,23.31,6.45,0.0,48.0,396,Office,Bull,3229.1,US/Central,0.9981174054424097
Bull_education_Roland,17497,0.9973,0.27,229.18,64.83,0.0,524.0,311,Education,Bull,20071.7,US/Central,0.9981174054424097
Eagle_office_Henriette,17497,0.9973,0.27,29.58,8.11,0.0,60.0,37,Office,Eagle,2181.5,US/Eastern,0.9998289233576643
Bear_education_Tara,17497,0.9973,0.27,3.4,1.31,0.0,9.15,1,Education,Bear,733.9,US/Pacific,1.0
Bear_education_Austin,17495,0.9972,0.28,21.1,14.68,4.97,65.95,0,Education,Bear,2031.4,US/Pacific,1.0
Robin_lodging_Celia,17495,0.9972,0.28,51.38,18.09,0.39,121.7,0,Lodging/residential,Robin,7721.0,Europe/London,0.9999429093400319
Panther_education_Enriqueta,17495,0.9972,0.28,78.27,48.1,0.0,284.53,3330,Education,Panther,7084.5,US/Eastern,0.999829001367989
Rat_education_Brett,17493,0.9971,0.29,65.29,45.16,0.0,240.6,10,Education,Rat,10126.4,US/Eastern,0.9996579052397514
Peacock_education_Karyn,17492,0.997,0.3,472.23,22.51,380.08,555.4,0,Education,Peacock,12016.4,US/Eastern,0.9993728262728776
Rat_education_Mose,17492,0.997,0.3,82.8,42.69,0.0,218.04,4,Education,Rat,10219.3,US/Eastern,0.9996579052397514
Rat_office_Rosemary,17491,0.997,0.3,16.55,6.49,0.0,42.25,1,Office,Rat,2787.1,US/Eastern,0.9996579052397514
Fox_assembly_Johnnie,17492,0.997,0.3,336.17,98.48,0.0,529.83,35,Entertainment/public assembly,Fox,23668.5,US/Mountain,0.9999429972068631
Rat_assembly_Archie,17492,0.997,0.3,3.07,1.92,0.0,10.84,58,Entertainment/public assembly,Rat,74.4,US/Eastern,0.9996579052397514
Rat_public_Jason,17492,0.997,0.3,25.18,9.98,5.62,75.21,0,Public services,Rat,3021.9,US/Eastern,0.9996579052397514
Rat_public_Grover,17492,0.997,0.3,17.73,3.96,8.61,30.97,0,Public services,Rat,1144.2,US/Eastern,0.9996579052397514
Rat_education_Deanna,17492,0.997,0.3,88.32,26.01,36.01,184.66,0,Education,Rat,6215.2,US/Eastern,0.9996579052397514
Rat_public_Wilma,17491,0.997,0.3,56.65,15.11,22.01,118.29,0,Public services,Rat,1505.0,US/Eastern,0.9996579052397514
Rat_public_Berry,17492,0.997,0.3,97.53,21.69,0.29,148.39,0,Public services,Rat,4083.6,US/Eastern,0.9996579052397514
Rat_public_Isabel,17492,0.997,0.3,53.4,16.11,18.21,106.81,0,Public services,Rat,1540.0,US/Eastern,0.9996579052397514
Rat_public_Yessenia,17492,0.997,0.3,113.69,50.73,22.79,228.84,0,Public services,Rat,2043.9,US/Eastern,0.9996579052397514
Rat_public_Ramon,17491,0.997,0.3,30.56,13.35,0.0,84.68,3,Public services,Rat,2043.9,US/Eastern,0.9996579052397514
Rat_public_Josiah,17492,0.997,0.3,87.95,30.27,39.05,198.74,0,Public services,Rat,4274.2,US/Eastern,0.9996579052397514
Rat_public_Ramona,17492,0.997,0.3,26.87,8.09,0.0,52.43,2,Public services,Rat,1348.9,US/Eastern,0.9996579052397514
Bear_education_Rebecca,17491,0.997,0.3,781.65,85.47,503.79,1060.79,0,Education,Bear,14279.2,US/Pacific,1.0
Fox_office_Carson,17492,0.997,0.3,51.77,15.95,0.0,99.61,1,Office,Fox,6891.5,US/Mountain,0.9999429972068631
Rat_education_Renee,17492,0.997,0.3,34.26,12.26,8.91,72.82,0,Education,Rat,3445.1,US/Eastern,0.9996579052397514
Rat_public_Desiree,17492,0.997,0.3,12.96,3.13,0.0,24.96,12,Public services,Rat,841.9,US/Eastern,0.9996579052397514
Rat_lodging_Christine,17492,0.997,0.3,62.18,25.27,14.59,145.38,0,Lodging/residential,Rat,2906.3,US/Eastern,0.9996579052397514
Rat_education_Dann,17492,0.997,0.3,195.02,51.66,110.04,360.4,0,Education,Rat,16954.8,US/Eastern,0.9996579052397514
Rat_health_Rosaria,17492,0.997,0.3,31.02,14.65,0.0,84.22,2,Healthcare,Rat,1393.5,US/Eastern,0.9996579052397514
Rat_public_Roma,17492,0.997,0.3,53.29,28.93,0.0,139.62,2,Public services,Rat,1994.8,US/Eastern,0.9996579052397514
Rat_education_Lynn,17492,0.997,0.3,106.4,34.73,29.04,259.59,0,Education,Rat,7785.3,US/Eastern,0.9996579052397514
Rat_public_Johnny,17492,0.997,0.3,20.61,4.45,10.05,34.04,0,Public services,Rat,709.4,US/Eastern,0.9996579052397514
Rat_education_Rosalyn,17491,0.997,0.3,71.55,21.46,26.65,160.93,0,Education,Rat,6038.7,US/Eastern,0.9996579052397514
Rat_public_Stella,17492,0.997,0.3,96.51,12.17,61.35,136.46,0,Public services,Rat,3396.7,US/Eastern,0.9996579052397514
Rat_office_Olivia,17492,0.997,0.3,52.82,31.49,14.16,151.27,0,Office,Rat,2564.1,US/Eastern,0.9996579052397514
Rat_assembly_Deandre,17492,0.997,0.3,28.92,11.13,9.73,67.16,0,Entertainment/public assembly,Rat,1106.5,US/Eastern,0.9996579052397514
Rat_education_Zoe,17492,0.997,0.3,93.64,30.45,23.77,207.94,0,Education,Rat,6447.5,US/Eastern,0.9996579052397514
Rat_education_Royal,17492,0.997,0.3,72.93,19.4,35.83,145.38,0,Education,Rat,7218.6,US/Eastern,0.9996579052397514
Rat_public_Lynda,17492,0.997,0.3,11.95,3.65,0.0,25.09,1,Public services,Rat,467.6,US/Eastern,0.9996579052397514
Rat_public_Kelle,17492,0.997,0.3,25.0,17.48,0.0,89.72,159,Public services,Rat,1868.3,US/Eastern,0.9996579052397514
Rat_other_Al,17492,0.997,0.3,52.72,21.13,0.0,139.02,42,Other,Rat,982.7,US/Eastern,0.9996579052397514
Rat_office_Tracy,17492,0.997,0.3,20.59,5.28,0.0,41.2,11,Office,Rat,1275.4,US/Eastern,0.9996579052397514
Rat_education_Salvatore,17492,0.997,0.3,78.4,35.99,8.62,213.09,0,Education,Rat,4551.7,US/Eastern,0.9996579052397514
Rat_education_Morton,17492,0.997,0.3,150.53,59.62,1.18,365.72,0,Education,Rat,14409.3,US/Eastern,0.9996579052397514
Fox_public_Martin,17492,0.997,0.3,184.1,22.89,85.51,242.76,0,Public services,Fox,32129.3,US/Mountain,0.9999429972068631
Bull_lodging_Elena,17489,0.9969,0.31,6.32,1.91,0.0,14.0,302,Lodging/residential,Bull,1043.0,US/Central,0.9981174054424097
Lamb_education_Chet,17490,0.9969,0.31,2.18,2.51,0.0,12.6,1100,Education,Lamb,1078.0,Europe/London,0.9998857142857143
Rat_assembly_Kimberley,17489,0.9969,0.31,66.06,18.35,19.78,132.62,0,Entertainment/public assembly,Rat,1912.3,US/Eastern,0.9996579052397514
Rat_assembly_Cristina,17490,0.9969,0.31,51.06,34.43,0.0,190.7,7,Entertainment/public assembly,Rat,1176.2,US/Eastern,0.9996579052397514
Rat_religion_Kathy,17489,0.9969,0.31,5.15,2.28,0.0,15.72,5,Religious worship,Rat,929.0,US/Eastern,0.9996579052397514
Fox_education_Eldon,17490,0.9969,0.31,195.48,13.82,132.87,235.82,0,Education,Fox,4613.7,US/Mountain,0.9999429972068631
Bear_lodging_Dannie,17490,0.9969,0.31,8.64,3.66,2.5,23.15,0,Lodging/residential,Bear,2137.9,US/Pacific,1.0
Rat_other_Hazel,17489,0.9969,0.31,374.05,29.27,308.46,487.63,0,Other,Rat,3195.9,US/Eastern,0.9996579052397514
Bull_office_Chantel,17487,0.9968,0.32,142.29,40.42,0.0,292.0,433,Office,Bull,9654.9,US/Central,0.9981174054424097
Fox_education_Miguelina,17488,0.9968,0.32,93.71,41.28,0.0,240.18,5,Education,Fox,7831.7,US/Mountain,0.9999429972068631
Robin_office_Addie,17487,0.9968,0.32,20.6,6.34,0.13,46.3,0,Office,Robin,1495.0,Europe/London,0.9999429093400319
Hog_services_Joe,17487,0.9968,0.32,28.07,14.03,0.0,83.12,15,Services,Hog,3904.5,US/Central,0.9998859879147189
Hog_parking_Cliff,17488,0.9968,0.32,102.75,23.83,45.52,201.62,0,Parking,Hog,9320.8,US/Central,0.9998859879147189
Rat_assembly_Adolfo,17488,0.9968,0.32,34.88,16.48,4.04,101.02,0,Entertainment/public assembly,Rat,1482.7,US/Eastern,0.9996579052397514
Hog_education_Hallie,17486,0.9967,0.33,65.46,6.76,49.36,89.16,0,Education,Hog,2996.7,US/Central,0.9998859879147189
Fox_education_Tonya,17486,0.9967,0.33,170.01,17.78,99.97,236.03,0,Education,Fox,8444.9,US/Mountain,0.9999429972068631
Rat_public_Margart,17485,0.9966,0.34,42.53,21.04,2.88,106.56,0,Public services,Rat,2043.9,US/Eastern,0.9996579052397514
Rat_public_Sue,17484,0.9966,0.34,29.08,11.57,0.59,74.97,0,Public services,Rat,1765.2,US/Eastern,0.9996579052397514
Hog_education_Leandro,17485,0.9966,0.34,474.71,80.12,183.03,761.09,0,Education,Hog,19241.6,US/Central,0.9998859879147189
Bull_education_Joseph,17485,0.9966,0.34,118.19,37.69,0.0,242.8,323,Education,Bull,15519.9,US/Central,0.9981174054424097
Fox_assembly_Renna,17485,0.9966,0.34,376.54,29.7,262.77,479.88,0,Entertainment/public assembly,Fox,16671.4,US/Mountain,0.9999429972068631
Eagle_office_Efrain,17485,0.9966,0.34,47.87,16.63,0.0,104.09,137,Office,Eagle,3995.5,US/Eastern,0.9998289233576643
Lamb_education_Princess,17485,0.9966,0.34,6.46,8.99,0.0,40.3,74,Education,Lamb,1769.0,Europe/London,0.9998857142857143
Bull_lodging_Anibal,17484,0.9966,0.34,21.53,9.97,0.0,61.0,1858,Lodging/residential,Bull,4160.6,US/Central,0.9981174054424097
Panther_retail_Lester,17483,0.9965,0.35,5.12,4.5,0.0,20.62,1922,Retail,Panther,840.3,US/Eastern,0.999829001367989
Bull_education_Lydia,17482,0.9965,0.35,99.41,31.94,0.0,205.0,810,Education,Bull,11712.9,US/Central,0.9981174054424097
Hog_office_Sarah,17480,0.9964,0.36,452.73,32.35,364.68,570.87,0,Office,Hog,14150.2,US/Central,0.9998859879147189
Hog_lodging_Hal,17481,0.9964,0.36,147.18,55.63,33.4,326.88,0,Lodging/residential,Hog,14241.9,US/Central,0.9998859879147189
Bear_assembly_Jose,17481,0.9964,0.36,256.95,71.93,126.0,504.0,0,Entertainment/public assembly,Bear,3361.2,US/Pacific,1.0
Rat_education_Irma,17481,0.9964,0.36,74.38,27.2,0.0,194.68,1,Education,Rat,6763.3,US/Eastern,0.9996579052397514
Eagle_public_Henry,17480,0.9964,0.36,29.31,18.64,0.0,113.0,100,Public services,Eagle,1251.3,US/Eastern,0.9998289233576643
Rat_assembly_Trent,17481,0.9964,0.36,22.53,8.28,0.0,56.27,4,Entertainment/public assembly,Rat,329.3,US/Eastern,0.9996579052397514
Bear_education_Alvaro,17481,0.9964,0.36,419.54,61.72,219.98,600.6,0,Education,Bear,10181.1,US/Pacific,1.0
Bear_education_Thuy,17479,0.9963,0.37,230.93,82.76,116.37,457.57,0,Education,Bear,25122.2,US/Pacific,1.0
Fox_education_Virgil,17479,0.9963,0.37,89.73,9.63,55.47,120.69,0,Education,Fox,6123.0,US/Mountain,0.9999429972068631
Panther_lodging_Else,17477,0.9962,0.38,35.37,21.67,0.0,107.78,3377,Lodging/residential,Panther,3459.8,US/Eastern,0.999829001367989
Hog_office_Elsy,17478,0.9962,0.38,27.1,7.21,10.16,55.26,0,Office,Hog,3698.2,US/Central,0.9998859879147189
Bull_office_Mai,17477,0.9962,0.38,3.17,3.67,0.0,15.0,8459,Office,Bull,792.0,US/Central,0.9981174054424097
Hog_public_Crystal,17475,0.9961,0.39,298.98,119.01,78.08,625.22,0,Public services,Hog,27388.9,US/Central,0.9998859879147189
Bear_education_Augusta,17476,0.9961,0.39,115.38,58.42,51.31,254.75,0,Education,Bear,14017.9,US/Pacific,1.0
Rat_education_Terese,17475,0.9961,0.39,116.13,36.4,42.46,266.91,0,Education,Rat,16722.5,US/Eastern,0.9996579052397514
Fox_education_Charles,17475,0.9961,0.39,15.72,6.74,0.0,42.63,5,Education,Fox,909.3,US/Mountain,0.9999429972068631
Fox_office_Demetrius,17476,0.9961,0.39,121.89,45.64,0.0,316.16,15,Office,Fox,14463.3,US/Mountain,0.9999429972068631
Hog_health_Hisako,17474,0.996,0.4,206.45,27.88,122.39,292.76,0,Healthcare,Hog,11295.6,US/Central,0.9998859879147189
Fox_lodging_Frances,17474,0.996,0.4,99.33,14.75,33.95,162.03,0,Lodging/residential,Fox,10340.5,US/Mountain,0.9999429972068631
Bull_lodging_Terence,17472,0.9959,0.41,23.47,8.89,0.0,52.0,1448,Lodging/residential,Bull,3780.9,US/Central,0.9981174054424097
Fox_education_Kendrick,17470,0.9958,0.42,12.31,6.97,0.0,40.98,3,Education,Fox,1052.5,US/Mountain,0.9999429972068631
Peacock_lodging_James,17471,0.9958,0.42,60.25,13.53,29.12,107.8,0,Lodging/residential,Peacock,7702.7,US/Eastern,0.9993728262728776
Rat_public_Roberta,17468,0.9957,0.43,14.89,4.53,5.42,30.18,0,Public services,Rat,1010.1,US/Eastern,0.9996579052397514
Rat_public_Tamra,17468,0.9957,0.43,21.0,4.65,11.84,34.57,0,Public services,Rat,872.5,US/Eastern,0.9996579052397514
Rat_education_Esther,17468,0.9957,0.43,94.72,30.9,0.0,222.94,1,Education,Rat,6466.0,US/Eastern,0.9996579052397514
Rat_public_Tommy,17468,0.9957,0.43,16.8,4.04,0.0,33.56,1,Public services,Rat,857.1,US/Eastern,0.9996579052397514
Rat_education_Colin,17468,0.9957,0.43,54.64,28.43,3.12,162.54,0,Education,Rat,7748.1,US/Eastern,0.9996579052397514
Rat_office_Kasey,17468,0.9957,0.43,86.41,41.41,31.16,232.21,0,Office,Rat,3195.9,US/Eastern,0.9996579052397514
Rat_education_Alfonso,17468,0.9957,0.43,334.0,148.29,0.0,838.9,3,Education,Rat,7900.4,US/Eastern,0.9996579052397514
Rat_education_Fernando,17468,0.9957,0.43,62.39,27.35,0.0,165.55,1,Education,Rat,5472.7,US/Eastern,0.9996579052397514
Rat_public_Hortencia,17468,0.9957,0.43,59.36,21.71,13.58,121.41,0,Public services,Rat,13378.0,US/Eastern,0.9996579052397514
Rat_public_Nancy,17468,0.9957,0.43,18.91,4.67,0.0,34.08,8,Public services,Rat,829.2,US/Eastern,0.9996579052397514
Rat_education_Willie,17468,0.9957,0.43,238.91,128.69,66.74,624.2,0,Education,Rat,9680.5,US/Eastern,0.9996579052397514
Rat_assembly_Teddy,17468,0.9957,0.43,85.34,21.71,27.8,164.54,0,Entertainment/public assembly,Rat,2074.9,US/Eastern,0.9996579052397514
Rat_education_Jacob,17468,0.9957,0.43,55.64,13.49,22.28,99.53,0,Education,Rat,5310.8,US/Eastern,0.9996579052397514
Rat_public_Nelson,17468,0.9957,0.43,44.53,12.65,14.51,91.71,0,Public services,Rat,1486.4,US/Eastern,0.9996579052397514
Rat_assembly_Suzanne,17468,0.9957,0.43,3.11,1.66,0.0,10.28,54,Entertainment/public assembly,Rat,182.3,US/Eastern,0.9996579052397514
Rat_education_Shellie,17468,0.9957,0.43,74.71,30.46,3.91,174.38,0,Education,Rat,5778.6,US/Eastern,0.9996579052397514
Rat_office_Randy,17468,0.9957,0.43,102.91,39.76,46.46,209.36,0,Office,Rat,5779.0,US/Eastern,0.9996579052397514
Rat_public_Angelina,17468,0.9957,0.43,32.57,11.47,14.04,71.84,0,Public services,Rat,1794.4,US/Eastern,0.9996579052397514
Rat_public_Dalia,17468,0.9957,0.43,186.09,47.37,0.0,341.05,7,Public services,Rat,8420.3,US/Eastern,0.9996579052397514
Rat_assembly_Frieda,17468,0.9957,0.43,123.99,45.82,30.98,288.36,0,Entertainment/public assembly,Rat,3413.6,US/Eastern,0.9996579052397514
Rat_public_Clyde,17468,0.9957,0.43,34.14,9.11,13.8,72.9,0,Public services,Rat,1478.4,US/Eastern,0.9996579052397514
Rat_assembly_Kaitlyn,17468,0.9957,0.43,98.93,31.82,0.74,223.97,0,Entertainment/public assembly,Rat,2432.9,US/Eastern,0.9996579052397514
Bull_education_Lyn,17467,0.9956,0.44,25.02,7.28,0.0,50.0,283,Education,Bull,2418.5,US/Central,0.9981174054424097
Rat_education_Carmela,17466,0.9956,0.44,86.23,39.78,0.0,223.75,1,Education,Rat,4457.9,US/Eastern,0.9996579052397514
Rat_assembly_Damaris,17467,0.9956,0.44,4.9,1.63,0.0,12.12,1,Entertainment/public assembly,Rat,1495.6,US/Eastern,0.9996579052397514
Rat_lodging_Ted,17467,0.9956,0.44,2.48,1.88,0.0,9.4,364,Lodging/residential,Rat,185.8,US/Eastern,0.9996579052397514
Rat_education_Lincoln,17466,0.9956,0.44,161.08,75.39,0.0,424.01,8,Education,Rat,10857.8,US/Eastern,0.9996579052397514
Robin_office_Serena,17467,0.9956,0.44,51.68,22.16,0.16,142.7,0,Office,Robin,2833.1,Europe/London,0.9999429093400319
Rat_education_Tim,17466,0.9956,0.44,61.93,24.3,0.0,153.85,10,Education,Rat,4412.9,US/Eastern,0.9996579052397514
Panther_education_Cleopatra,17465,0.9955,0.45,21.66,16.33,0.0,85.3,3199,Education,Panther,2012.0,US/Eastern,0.999829001367989
Rat_public_Allyson,17465,0.9955,0.45,54.52,15.9,0.0,124.59,4,Public services,Rat,1672.3,US/Eastern,0.9996579052397514
Lamb_office_Kent,17465,0.9955,0.45,0.29,0.31,0.0,1.6,5305,Office,Lamb,1200.0,Europe/London,0.9998857142857143
Hog_office_Roger,17463,0.9954,0.46,260.63,51.9,100.92,447.97,0,Office,Hog,9124.2,US/Central,0.9998859879147189
Fox_assembly_Terrell,17463,0.9954,0.46,48.37,21.89,0.0,121.88,127,Entertainment/public assembly,Fox,4830.9,US/Mountain,0.9999429972068631
Rat_public_Becky,17464,0.9954,0.46,21.03,6.99,0.0,46.8,1,Public services,Rat,911.9,US/Eastern,0.9996579052397514
Rat_education_Guillermo,17464,0.9954,0.46,108.84,24.1,0.0,219.8,1,Education,Rat,7404.4,US/Eastern,0.9996579052397514
Eagle_education_Will,17461,0.9953,0.47,112.6,11.48,82.75,162.12,0,Education,Eagle,5782.5,US/Eastern,0.9998289233576643
Rat_public_Sean,17462,0.9953,0.47,21.97,12.07,5.07,57.58,0,Public services,Rat,7297.5,US/Eastern,0.9996579052397514
Bull_lodging_Dave,17462,0.9953,0.47,322.63,73.76,0.0,645.0,254,Lodging/residential,Bull,21733.4,US/Central,0.9981174054424097
Fox_education_Wendell,17461,0.9953,0.47,532.9,35.2,396.37,640.86,0,Education,Fox,20402.2,US/Mountain,0.9999429972068631
Rat_public_Lloyd,17462,0.9953,0.47,71.72,24.47,32.89,155.29,0,Public services,Rat,5022.4,US/Eastern,0.9996579052397514
Rat_education_Everett,17459,0.9952,0.48,177.73,57.7,0.0,406.83,2,Education,Rat,8024.5,US/Eastern,0.9996579052397514
Robin_education_Margarito,17459,0.9952,0.48,527.28,70.28,342.4,810.56,0,Education,Robin,8468.0,Europe/London,0.9999429093400319
Bear_education_Wilton,17460,0.9952,0.48,1563.72,164.41,929.37,2185.43,0,Education,Bear,28273.4,US/Pacific,1.0
Robin_education_Audrea,17459,0.9952,0.48,287.79,48.84,118.94,448.38,0,Education,Robin,2584.0,Europe/London,0.9999429093400319
Rat_assembly_Aubrey,17458,0.9951,0.49,16.86,13.13,0.0,87.31,9,Entertainment/public assembly,Rat,570.3,US/Eastern,0.9996579052397514
Wolf_education_Clarissa,17458,0.9951,0.49,52.8,13.68,10.06,102.22,0,Education,Wolf,6778.0,Europe/Dublin,1.0
Rat_public_Marcellus,17458,0.9951,0.49,9.59,3.94,0.0,26.21,4,Public services,Rat,6336.3,US/Eastern,0.9996579052397514
Bear_lodging_Erick,17457,0.995,0.5,48.39,15.2,13.48,105.77,0,Lodging/residential,Bear,6688.5,US/Pacific,1.0
Robin_assembly_Colleen,17457,0.995,0.5,47.04,15.58,7.25,101.5,0,Entertainment/public assembly,Robin,5948.0,Europe/London,0.9999429093400319
Fox_parking_Lynelle,17457,0.995,0.5,13.07,5.18,0.0,24.9,1,Parking,Fox,14596.3,US/Mountain,0.9999429972068631
Rat_education_Candida,17457,0.995,0.5,139.87,39.33,8.49,304.23,0,Education,Rat,3576.8,US/Eastern,0.9996579052397514
Rat_education_Stuart,17456,0.995,0.5,47.47,19.46,17.08,135.03,0,Education,Rat,7636.6,US/Eastern,0.9996579052397514
Rat_education_Nona,17456,0.995,0.5,98.23,57.92,0.0,279.29,2,Education,Rat,25204.6,US/Eastern,0.9996579052397514
Moose_education_Lori,17453,0.9948,0.52,200.55,37.22,86.35,318.88,0,Education,Moose,14000.0,US/Eastern,1.0
Hog_office_Cortney,17453,0.9948,0.52,66.46,51.04,0.0,192.26,2040,Office,Hog,9895.2,US/Central,0.9998859879147189
Moose_education_Gladys,17453,0.9948,0.52,1118.31,295.17,583.54,1670.39,0,Education,Moose,67999.9,US/Eastern,1.0
Fox_office_Zachary,17452,0.9948,0.52,166.87,58.28,0.0,390.9,15,Office,Fox,13038.5,US/Mountain,0.9999429972068631
Rat_public_Frederick,17453,0.9948,0.52,20.34,6.75,0.0,43.18,7,Public services,Rat,1312.3,US/Eastern,0.9996579052397514
Bull_office_Myron,17453,0.9948,0.52,62.52,18.62,0.0,121.0,327,Office,Bull,5583.1,US/Central,0.9981174054424097
Fox_education_Janina,17451,0.9947,0.53,126.74,36.43,0.0,235.12,15,Education,Fox,8479.5,US/Mountain,0.9999429972068631
Rat_education_Bryant,17451,0.9947,0.53,55.85,11.6,14.11,96.8,0,Education,Rat,6466.0,US/Eastern,0.9996579052397514
Peacock_education_Joshua,17451,0.9947,0.53,464.77,36.06,290.3,589.05,0,Education,Peacock,7054.0,US/Eastern,0.9993728262728776
Moose_education_Maria,17450,0.9946,0.54,757.69,197.5,0.0,1499.79,23,Education,Moose,35999.9,US/Eastern,1.0
Fox_office_Bernard,17449,0.9946,0.54,132.56,16.66,58.94,190.79,0,Office,Fox,4182.2,US/Mountain,0.9999429972068631
Bear_education_Chad,17448,0.9945,0.55,1000.09,166.03,553.04,1581.38,0,Education,Bear,39101.5,US/Pacific,1.0
Wolf_education_Eulalia,17447,0.9945,0.55,69.54,43.37,6.98,203.24,0,Education,Wolf,8056.0,Europe/Dublin,1.0
Rat_office_Jeannie,17448,0.9945,0.55,43.28,19.67,7.0,127.65,0,Office,Rat,1495.6,US/Eastern,0.9996579052397514
Fox_education_Dominique,17445,0.9944,0.56,184.43,22.33,110.52,272.8,0,Education,Fox,8930.2,US/Mountain,0.9999429972068631
Rat_assembly_Gwen,17445,0.9944,0.56,5.5,2.36,0.0,15.06,12,Entertainment/public assembly,Rat,136.8,US/Eastern,0.9996579052397514
Rat_public_Damon,17445,0.9944,0.56,20.76,7.15,0.0,40.46,5,Public services,Rat,1228.5,US/Eastern,0.9996579052397514
Rat_public_Kelly,17445,0.9944,0.56,21.07,4.81,9.34,37.49,0,Public services,Rat,982.6,US/Eastern,0.9996579052397514
Rat_assembly_Rosemarie,17445,0.9944,0.56,11.29,5.42,0.0,32.99,7,Entertainment/public assembly,Rat,465.7,US/Eastern,0.9996579052397514
Rat_office_Ronald,17446,0.9944,0.56,53.29,18.31,4.11,124.25,0,Office,Rat,802.4,US/Eastern,0.9996579052397514
Rat_lodging_Ardell,17445,0.9944,0.56,15.82,5.76,5.33,37.11,0,Lodging/residential,Rat,1446.9,US/Eastern,0.9996579052397514
Rat_assembly_Monica,17445,0.9944,0.56,65.49,21.11,16.89,142.96,0,Entertainment/public assembly,Rat,4231.5,US/Eastern,0.9996579052397514
Fox_education_Otilia,17444,0.9943,0.57,933.11,52.6,733.74,1087.23,0,Education,Fox,30403.1,US/Mountain,0.9999429972068631
Rat_public_Michael,17444,0.9943,0.57,42.57,14.41,4.67,93.16,0,Public services,Rat,2287.1,US/Eastern,0.9996579052397514
Rat_public_Dexter,17444,0.9943,0.57,13.16,3.2,6.45,25.64,0,Public services,Rat,718.3,US/Eastern,0.9996579052397514
Rat_education_Adrian,17444,0.9943,0.57,77.77,37.56,27.14,209.98,0,Education,Rat,5956.3,US/Eastern,0.9996579052397514
Rat_education_Cecil,17444,0.9943,0.57,62.21,26.12,0.0,161.29,2,Education,Rat,5681.1,US/Eastern,0.9996579052397514
Rat_public_Sade,17444,0.9943,0.57,32.48,10.31,0.0,62.69,1,Public services,Rat,2006.7,US/Eastern,0.9996579052397514
Rat_warehouse_Shari,17444,0.9943,0.57,45.5,23.99,3.61,122.16,0,Warehouse/storage,Rat,2537.9,US/Eastern,0.9996579052397514
Rat_education_Earl,17444,0.9943,0.57,158.93,57.7,0.0,322.61,5,Education,Rat,7051.3,US/Eastern,0.9996579052397514
Rat_education_Sina,17444,0.9943,0.57,167.88,60.67,29.85,362.97,0,Education,Rat,8203.3,US/Eastern,0.9996579052397514
Rat_assembly_Aisha,17444,0.9943,0.57,81.51,35.34,0.0,196.91,4,Entertainment/public assembly,Rat,2211.4,US/Eastern,0.9996579052397514
Rat_education_Sherwood,17444,0.9943,0.57,102.61,37.1,44.71,249.66,0,Education,Rat,8835.1,US/Eastern,0.9996579052397514
Bear_education_Curtis,17444,0.9943,0.57,68.86,10.67,36.75,109.75,0,Education,Bear,4104.6,US/Pacific,1.0
Rat_education_Marvin,17444,0.9943,0.57,53.73,28.74,0.0,163.82,17,Education,Rat,5518.4,US/Eastern,0.9996579052397514
Rat_education_Mona,17442,0.9942,0.58,77.87,29.77,36.11,168.8,0,Education,Rat,4923.9,US/Eastern,0.9996579052397514
Rat_office_Jacinta,17443,0.9942,0.58,218.71,44.06,39.27,406.38,0,Office,Rat,2835.9,US/Eastern,0.9996579052397514
Robin_lodging_Renea,17442,0.9942,0.58,90.4,25.25,0.63,190.9,0,Lodging/residential,Robin,9548.0,Europe/London,0.9999429093400319
Bear_education_Bulah,17442,0.9942,0.58,1331.73,138.72,1037.74,1928.74,0,Education,Bear,20504.0,US/Pacific,1.0
Bear_science_Alison,17443,0.9942,0.58,103.55,8.68,71.5,133.0,0,Technology/science,Bear,4945.6,US/Pacific,1.0
Rat_education_Wilmer,17442,0.9942,0.58,102.31,35.16,35.32,256.1,0,Education,Rat,6150.2,US/Eastern,0.9996579052397514
Bull_office_Sally,17442,0.9942,0.58,86.77,33.24,0.0,173.0,354,Office,Bull,7705.3,US/Central,0.9981174054424097
Rat_public_Carole,17438,0.994,0.6,18.79,5.82,0.0,41.11,2,Public services,Rat,923.5,US/Eastern,0.9996579052397514
Fox_warehouse_Pearl,17438,0.994,0.6,32.77,16.83,0.0,103.31,16,Warehouse/storage,Fox,1199.2,US/Mountain,0.9999429972068631
Hog_services_Kerrie,17438,0.994,0.6,19.44,5.5,5.27,41.66,0,Services,Hog,2501.5,US/Central,0.9998859879147189
Rat_assembly_Ruth,17438,0.994,0.6,6.19,4.77,0.0,21.15,10,Entertainment/public assembly,Rat,903.6,US/Eastern,0.9996579052397514
Rat_education_Jesse,17438,0.994,0.6,29.29,10.06,11.99,66.42,0,Education,Rat,3839.6,US/Eastern,0.9996579052397514
Hog_lodging_Nikki,17437,0.9939,0.61,58.44,16.87,19.25,118.7,0,Lodging/residential,Hog,6929.1,US/Central,0.9998859879147189
Rat_education_Debra,17437,0.9939,0.61,105.45,36.43,45.53,255.2,0,Education,Rat,4784.5,US/Eastern,0.9996579052397514
Rat_education_Jena,17436,0.9938,0.62,163.21,59.25,43.96,357.19,0,Education,Rat,3804.4,US/Eastern,0.9996579052397514
Rat_education_Tania,17436,0.9938,0.62,308.05,159.21,0.0,805.41,132,Education,Rat,21832.2,US/Eastern,0.9996579052397514
Eagle_education_Sherrill,17436,0.9938,0.62,694.62,65.78,402.21,877.11,0,Education,Eagle,18064.2,US/Eastern,0.9998289233576643
Rat_assembly_Horace,17433,0.9937,0.63,26.11,19.04,0.0,107.33,24,Entertainment/public assembly,Rat,426.3,US/Eastern,0.9996579052397514
Rat_assembly_Francine,17431,0.9936,0.64,39.7,11.56,0.0,86.94,9,Entertainment/public assembly,Rat,1603.7,US/Eastern,0.9996579052397514
Hog_warehouse_Louise,17431,0.9936,0.64,11.69,8.62,0.0,39.0,1,Warehouse/storage,Hog,6185.9,US/Central,0.9998859879147189
Eagle_health_Trisha,17432,0.9936,0.64,306.08,46.76,131.05,497.68,0,Healthcare,Eagle,6376.6,US/Eastern,0.9998289233576643
Rat_public_Helena,17431,0.9936,0.64,24.03,8.54,0.0,61.88,10,Public services,Rat,1184.9,US/Eastern,0.9996579052397514
Hog_office_Mack,17431,0.9936,0.64,87.37,21.29,0.0,173.75,33,Office,Hog,5332.1,US/Central,0.9998859879147189
Bull_education_Reina,17428,0.9934,0.66,79.05,21.33,0.0,155.0,224,Education,Bull,9434.8,US/Central,0.9981174054424097
Eagle_office_Isidro,17429,0.9934,0.66,22.57,11.88,0.0,63.0,113,Office,Eagle,2217.7,US/Eastern,0.9998289233576643
Rat_education_Patty,17429,0.9934,0.66,136.59,61.5,31.04,366.86,0,Education,Rat,15793.5,US/Eastern,0.9996579052397514
Fox_education_Lilly,17428,0.9934,0.66,187.04,36.75,57.53,310.13,0,Education,Fox,12236.3,US/Mountain,0.9999429972068631
Rat_public_Darren,17427,0.9933,0.67,4.36,0.85,3.16,7.57,0,Public services,Rat,261.8,US/Eastern,0.9996579052397514
Lamb_education_Freddy,17426,0.9933,0.67,2.61,3.43,0.0,15.0,95,Education,Lamb,1205.0,Europe/London,0.9998857142857143
Robin_lodging_Elmer,17427,0.9933,0.67,94.3,29.09,0.72,197.2,0,Lodging/residential,Robin,9565.0,Europe/London,0.9999429093400319
Rat_education_Earnest,17427,0.9933,0.67,60.27,21.59,29.48,146.18,0,Education,Rat,5564.9,US/Eastern,0.9996579052397514
Rat_education_Jame,17425,0.9932,0.68,64.63,16.72,21.73,136.34,0,Education,Rat,3511.7,US/Eastern,0.9996579052397514
Bull_education_Summer,17425,0.9932,0.68,30.66,8.5,0.0,60.0,345,Education,Bull,3509.4,US/Central,0.9981174054424097
Rat_assembly_Ida,17424,0.9932,0.68,26.21,8.7,0.0,61.76,1,Entertainment/public assembly,Rat,1378.9,US/Eastern,0.9996579052397514
Bear_education_Wm,17424,0.9932,0.68,50.12,12.15,31.5,94.0,0,Education,Bear,8679.0,US/Pacific,1.0
Fox_assembly_Sheldon,17423,0.9931,0.69,99.19,32.01,13.08,193.16,0,Entertainment/public assembly,Fox,4823.5,US/Mountain,0.9999429972068631
Eagle_education_Teresa,17423,0.9931,0.69,101.84,17.06,58.19,170.46,0,Education,Eagle,5628.2,US/Eastern,0.9998289233576643
Bull_education_Genie,17423,0.9931,0.69,123.34,35.32,0.0,226.0,213,Education,Bull,13675.8,US/Central,0.9981174054424097
Fox_assembly_Adrianne,17422,0.993,0.7,230.53,90.45,0.0,547.62,23,Entertainment/public assembly,Fox,21391.8,US/Mountain,0.9999429972068631
Rat_public_Emilee,17419,0.9929,0.71,38.23,21.95,6.98,120.0,0,Public services,Rat,2090.3,US/Eastern,0.9996579052397514
Bull_education_Luke,17419,0.9929,0.71,296.2,77.35,0.0,539.0,211,Education,Bull,15458.6,US/Central,0.9981174054424097
Bear_education_Zandra,17419,0.9929,0.71,979.48,82.82,587.4,1283.75,0,Education,Bear,14372.7,US/Pacific,1.0
Robin_office_Soledad,17420,0.9929,0.71,13.1,4.78,2.19,31.44,0,Office,Robin,957.0,Europe/London,0.9999429093400319
Fox_education_Geoffrey,17419,0.9929,0.71,120.6,15.11,48.33,174.69,0,Education,Fox,12731.4,US/Mountain,0.9999429972068631
Rat_public_Mabel,17420,0.9929,0.71,101.29,24.89,16.51,174.4,0,Public services,Rat,4189.7,US/Eastern,0.9996579052397514
Bull_education_Miquel,17420,0.9929,0.71,254.47,69.25,0.0,482.0,211,Education,Bull,22820.4,US/Central,0.9981174054424097
Rat_office_Craig,17420,0.9929,0.71,234.47,58.43,60.83,414.88,0,Office,Rat,9754.8,US/Eastern,0.9996579052397514
Lamb_office_Gerardo,17420,0.9929,0.71,8.41,10.33,0.0,46.7,46,Office,Lamb,4859.0,Europe/London,0.9998857142857143
Fox_education_Theodore,17414,0.9926,0.74,271.08,11.08,232.69,309.6,0,Education,Fox,11389.2,US/Mountain,0.9999429972068631
Eagle_office_Freida,17415,0.9926,0.74,60.53,19.38,0.0,118.0,66,Office,Eagle,7246.6,US/Eastern,0.9998289233576643
Bear_education_Maryjane,17415,0.9926,0.74,329.08,66.06,232.75,513.75,0,Education,Bear,7998.1,US/Pacific,1.0
Lamb_assembly_Queen,17414,0.9926,0.74,0.77,0.98,0.0,4.7,6019,Entertainment/public assembly,Lamb,522.0,Europe/London,0.9998857142857143
Lamb_education_Ruben,17415,0.9926,0.74,5.06,6.27,0.0,26.9,1098,Education,Lamb,1578.0,Europe/London,0.9998857142857143
Robin_lodging_Dorthy,17414,0.9926,0.74,31.25,10.07,0.23,66.1,0,Lodging/residential,Robin,5842.9,Europe/London,0.9999429093400319
Fox_education_Claude,17412,0.9925,0.75,972.87,32.29,873.15,1095.15,0,Education,Fox,17957.6,US/Mountain,0.9999429972068631
Bear_parking_Bruce,17412,0.9925,0.75,42.16,3.9,28.35,55.88,0,Parking,Bear,28441.3,US/Pacific,1.0
Bear_education_Yvette,17409,0.9923,0.77,10.9,4.42,2.25,28.5,0,Education,Bear,1423.8,US/Pacific,1.0
Eagle_office_Yadira,17409,0.9923,0.77,131.04,48.27,0.0,270.82,57,Office,Eagle,15101.3,US/Eastern,0.9998289233576643
Fox_education_Marlana,17407,0.9922,0.78,178.23,20.51,88.66,247.29,0,Education,Fox,5997.8,US/Mountain,0.9999429972068631
Lamb_education_Felicia,17405,0.9921,0.79,4.17,4.37,0.0,19.8,1123,Education,Lamb,2182.0,Europe/London,0.9998857142857143
Eagle_office_Bridgett,17405,0.9921,0.79,195.34,37.31,99.84,340.47,0,Office,Eagle,5692.5,US/Eastern,0.9998289233576643
Lamb_education_Lemuel,17403,0.992,0.8,7.6,8.55,0.0,39.9,1098,Education,Lamb,1589.0,Europe/London,0.9998857142857143
Robin_education_Leslie,17404,0.992,0.8,887.7,147.38,530.5,1461.5,0,Education,Robin,12977.0,Europe/London,0.9999429093400319
Eagle_education_Luther,17404,0.992,0.8,473.25,32.25,352.0,600.0,0,Education,Eagle,10799.9,US/Eastern,0.9998289233576643
Hog_education_Roberto,17402,0.9919,0.81,199.13,70.96,0.0,391.0,1,Education,Hog,9365.8,US/Central,0.9998859879147189
Eagle_health_Lucinda,17401,0.9918,0.82,572.26,57.35,330.0,781.0,0,Healthcare,Eagle,1161.3,US/Eastern,0.9998289233576643
Rat_education_Liz,17400,0.9918,0.82,90.32,42.05,12.26,252.26,0,Education,Rat,6447.5,US/Eastern,0.9996579052397514
Bull_education_Krista,17398,0.9917,0.83,283.75,83.09,0.0,554.0,189,Education,Bull,22263.1,US/Central,0.9981174054424097
Rat_education_Davis,17398,0.9917,0.83,78.2,28.14,34.36,184.93,0,Education,Rat,8092.5,US/Eastern,0.9996579052397514
Bull_assembly_Gigi,17394,0.9915,0.85,347.87,115.97,0.0,845.0,431,Entertainment/public assembly,Bull,39620.5,US/Central,0.9981174054424097
Hog_office_Leon,17394,0.9915,0.85,6.54,3.09,0.0,16.5,1,Office,Hog,1938.3,US/Central,0.9998859879147189
Panther_office_Graham,17391,0.9913,0.87,60.34,36.52,0.0,167.34,3378,Office,Panther,7799.9,US/Eastern,0.999829001367989
Rat_public_Shanta,17392,0.9913,0.87,12.17,5.96,3.88,28.56,0,Public services,Rat,1161.8,US/Eastern,0.9996579052397514
Fox_education_Eddy,17389,0.9912,0.88,297.63,83.48,38.22,498.49,0,Education,Fox,13015.0,US/Mountain,0.9999429972068631
Rat_assembly_Victorina,17390,0.9912,0.88,1.69,1.3,0.0,5.88,483,Entertainment/public assembly,Rat,291.1,US/Eastern,0.9996579052397514
Peacock_assembly_Russ,17389,0.9912,0.88,139.4,19.86,58.62,188.53,0,Entertainment/public assembly,Peacock,5440.6,US/Eastern,0.9993728262728776
Eagle_office_Elvis,17387,0.9911,0.89,48.2,18.53,0.0,109.0,55,Office,Eagle,3972.1,US/Eastern,0.9998289233576643
Wolf_retail_Marcella,17385,0.9909,0.91,6.93,3.08,0.0,19.3,0,Retail,Wolf,363.0,Europe/Dublin,1.0
Eagle_office_Chantelle,17385,0.9909,0.91,30.89,12.17,0.0,67.63,1106,Office,Eagle,2202.0,US/Eastern,0.9998289233576643
Robin_education_Terrance,17382,0.9908,0.92,265.87,47.61,92.75,476.9,0,Education,Robin,7714.9,Europe/London,0.9999429093400319
Rat_education_Elisa,17382,0.9908,0.92,38.83,21.73,5.91,121.75,0,Education,Rat,3994.8,US/Eastern,0.9996579052397514
Hog_public_Octavia,17379,0.9906,0.94,195.29,43.05,72.18,324.53,0,Public services,Hog,18554.8,US/Central,0.9998859879147189
Eagle_education_Norah,17376,0.9904,0.96,495.99,32.01,374.0,642.0,0,Education,Eagle,9089.4,US/Eastern,0.9998289233576643
Lamb_assembly_Ossie,17376,0.9904,0.96,3.5,4.24,0.0,20.42,48,Entertainment/public assembly,Lamb,1119.0,Europe/London,0.9998857142857143
Eagle_office_Lane,17375,0.9904,0.96,46.5,11.94,0.0,82.0,47,Office,Eagle,4675.5,US/Eastern,0.9998289233576643
Hog_education_Jordan,17373,0.9903,0.97,106.65,35.5,31.12,193.84,0,Education,Hog,12362.8,US/Central,0.9998859879147189
Rat_health_Guy,17374,0.9903,0.97,1464.7,284.7,0.0,2225.28,8,Healthcare,Rat,76141.2,US/Eastern,0.9996579052397514
Rat_parking_Ronnie,17374,0.9903,0.97,16.67,7.46,0.0,47.59,7,Parking,Rat,163.5,US/Eastern,0.9996579052397514
Bear_education_Sandy,17371,0.9901,0.99,6.66,1.31,4.0,11.56,0,Education,Bear,1351.0,US/Pacific,1.0
Hog_office_Alexis,17371,0.9901,0.99,19.03,12.45,0.0,61.1,2,Office,Hog,2693.4,US/Central,0.9998859879147189
Rat_education_Winnie,17369,0.99,1.0,54.66,25.58,0.0,162.4,1,Education,Rat,5499.9,US/Eastern,0.9996579052397514
Rat_public_Laurie,17365,0.9898,1.02,156.13,45.8,0.0,315.79,5,Public services,Rat,12459.6,US/Eastern,0.9996579052397514
Rat_other_Daphne,17364,0.9897,1.03,11.58,5.12,0.0,32.22,2,Other,Rat,10431.4,US/Eastern,0.9996579052397514
Eagle_education_Wesley,17364,0.9897,1.03,128.15,34.84,42.0,247.0,0,Education,Eagle,6604.3,US/Eastern,0.9998289233576643
Lamb_office_Jo,17364,0.9897,1.03,0.98,1.06,0.0,9.5,390,Office,Lamb,1542.0,Europe/London,0.9998857142857143
Eagle_health_Reba,17361,0.9896,1.04,409.77,64.89,209.73,688.18,0,Healthcare,Eagle,19089.0,US/Eastern,0.9998289233576643
Eagle_office_Francis,17359,0.9895,1.05,351.77,35.16,268.0,510.0,0,Office,Eagle,14807.3,US/Eastern,0.9998289233576643
Hog_education_Haywood,17360,0.9895,1.05,139.04,7.38,104.63,165.4,0,Education,Hog,3447.4,US/Central,0.9998859879147189
Bear_education_Deborah,17359,0.9895,1.05,0.76,0.9,0.0,3.75,8383,Education,Bear,791.2,US/Pacific,1.0
Robin_office_Saul,17359,0.9895,1.05,17.09,8.84,0.0,56.2,4,Office,Robin,2937.0,Europe/London,0.9999429093400319
Rat_public_Sharonda,17359,0.9895,1.05,36.2,10.75,0.0,75.98,2,Public services,Rat,2222.1,US/Eastern,0.9996579052397514
Peacock_education_Shelly,17358,0.9894,1.06,113.6,9.1,79.68,144.22,0,Education,Peacock,4984.3,US/Eastern,0.9993728262728776
Eagle_office_Sonya,17356,0.9893,1.07,181.99,34.94,85.0,291.0,0,Office,Eagle,8101.1,US/Eastern,0.9998289233576643
Rat_education_Barney,17357,0.9893,1.07,28.47,11.54,9.41,77.69,0,Education,Rat,7200.0,US/Eastern,0.9996579052397514
Fox_office_Gaylord,17357,0.9893,1.07,160.25,78.76,0.0,409.01,151,Office,Fox,13759.0,US/Mountain,0.9999429972068631
Rat_health_Mildred,17355,0.9892,1.08,17.76,7.37,5.0,48.56,0,Healthcare,Rat,911.7,US/Eastern,0.9996579052397514
Rat_education_Nydia,17354,0.9892,1.08,151.76,50.1,0.0,352.23,4,Education,Rat,7785.3,US/Eastern,0.9996579052397514
Fox_public_Bart,17354,0.9892,1.08,133.04,50.74,0.0,223.16,1,Public services,Fox,9407.5,US/Mountain,0.9999429972068631
Eagle_office_Jackie,17355,0.9892,1.08,70.04,15.23,38.0,132.0,0,Office,Eagle,5737.3,US/Eastern,0.9998289233576643
Hog_office_Shawnna,17355,0.9892,1.08,414.19,155.8,146.75,852.34,0,Office,Hog,27312.6,US/Central,0.9998859879147189
Mouse_health_Ileana,17355,0.9892,1.08,39.32,23.5,0.0,121.0,1656,Healthcare,Mouse,5399.0,Europe/London,0.9999429093400319
Rat_office_Arron,17353,0.9891,1.09,59.07,20.82,28.26,138.32,0,Office,Rat,3716.1,US/Eastern,0.9996579052397514
Rat_public_Fern,17351,0.989,1.1,48.7,15.6,23.12,89.22,0,Public services,Rat,3274.0,US/Eastern,0.9996579052397514
Fox_office_Berniece,17349,0.9889,1.11,27.32,13.48,0.0,75.02,17,Office,Fox,2173.2,US/Mountain,0.9999429972068631
Rat_education_Adell,17348,0.9888,1.12,148.78,83.98,0.0,420.87,10,Education,Rat,9689.2,US/Eastern,0.9996579052397514
Bull_education_Pamela,17347,0.9888,1.12,176.68,41.08,0.0,334.0,113,Education,Bull,20904.5,US/Central,0.9981174054424097
Eagle_office_Patrice,17347,0.9888,1.12,85.34,23.9,53.4,168.0,0,Office,Eagle,12050.2,US/Eastern,0.9998289233576643
Rat_education_Paula,17348,0.9888,1.12,124.07,35.34,38.3,273.17,0,Education,Rat,7200.0,US/Eastern,0.9996579052397514
Bear_education_Chana,17347,0.9888,1.12,21.26,5.04,14.0,37.5,0,Education,Bear,3781.7,US/Pacific,1.0
Bear_education_Babara,17345,0.9887,1.13,372.53,38.44,244.09,512.33,0,Education,Bear,8749.1,US/Pacific,1.0
Rat_education_Rogelio,17342,0.9885,1.15,126.19,44.91,0.0,268.93,1,Education,Rat,5834.3,US/Eastern,0.9996579052397514
Rat_lodging_Ben,17343,0.9885,1.15,328.52,108.38,96.6,658.39,0,Lodging/residential,Rat,32516.0,US/Eastern,0.9996579052397514
Rat_public_Loretta,17340,0.9884,1.16,203.44,63.54,78.09,388.48,0,Public services,Rat,4087.0,US/Eastern,0.9996579052397514
Rat_lodging_Marguerite,17340,0.9884,1.16,22.49,8.95,8.15,61.02,0,Lodging/residential,Rat,1703.8,US/Eastern,0.9996579052397514
Hog_other_Lynette,17341,0.9884,1.16,3.08,0.76,1.3,4.6,0,Other,Hog,6021.0,US/Central,0.9998859879147189
Fox_education_John,17339,0.9883,1.17,56.38,24.47,0.0,136.69,152,Education,Fox,4587.9,US/Mountain,0.9999429972068631
Eagle_lodging_Tressa,17338,0.9883,1.17,65.04,12.86,32.0,118.0,0,Lodging/residential,Eagle,5032.7,US/Eastern,0.9998289233576643
Bear_education_Lidia,17337,0.9882,1.18,12.62,5.56,5.25,29.75,0,Education,Bear,2824.3,US/Pacific,1.0
Rat_education_Verna,17337,0.9882,1.18,82.42,27.18,15.05,194.5,0,Education,Rat,6187.3,US/Eastern,0.9996579052397514
Eagle_lodging_Casey,17337,0.9882,1.18,78.04,19.36,18.8,142.14,0,Lodging/residential,Eagle,6132.8,US/Eastern,0.9998289233576643
Eagle_lodging_Stephanie,17335,0.9881,1.19,79.33,15.36,39.0,143.0,0,Lodging/residential,Eagle,6967.7,US/Eastern,0.9998289233576643
Hog_office_Darline,17335,0.9881,1.19,192.34,21.52,97.76,262.25,0,Office,Hog,1561.2,US/Central,0.9998859879147189
Eagle_education_Roman,17333,0.988,1.2,694.32,53.09,530.0,902.0,0,Education,Eagle,18621.7,US/Eastern,0.9998289233576643
Lamb_assembly_Nicole,17333,0.988,1.2,1.35,1.71,0.0,6.8,2817,Entertainment/public assembly,Lamb,642.0,Europe/London,0.9998857142857143
Robin_education_Lizbeth,17332,0.9879,1.21,122.21,21.16,46.8,202.0,0,Education,Robin,2001.0,Europe/London,0.9999429093400319
Hog_office_Emmanuel,17332,0.9879,1.21,27.9,6.88,4.64,51.47,0,Office,Hog,1899.3,US/Central,0.9998859879147189
Fox_education_Jaclyn,17332,0.9879,1.21,192.38,20.23,125.23,262.11,0,Education,Fox,6619.2,US/Mountain,0.9999429972068631
Wolf_education_Bobby,17329,0.9877,1.23,98.51,45.08,0.0,255.94,99,Education,Wolf,10494.0,Europe/Dublin,1.0
Eagle_office_Ryan,17329,0.9877,1.23,26.28,7.77,0.0,55.0,52,Office,Eagle,2092.5,US/Eastern,0.9998289233576643
Eagle_education_Raul,17327,0.9876,1.24,659.41,47.75,479.28,839.99,0,Education,Eagle,15255.2,US/Eastern,0.9998289233576643
Eagle_food_Kay,17324,0.9875,1.25,186.89,84.54,0.0,396.0,232,Food sales and service,Eagle,6491.7,US/Eastern,0.9998289233576643
Hog_office_Almeda,17323,0.9874,1.26,61.79,23.87,3.84,139.67,0,Office,Hog,6683.1,US/Central,0.9998859879147189
Rat_public_Amber,17321,0.9873,1.27,10.08,4.77,1.52,28.64,0,Public services,Rat,1985.2,US/Eastern,0.9996579052397514
Hog_office_Lizzie,17321,0.9873,1.27,89.96,34.84,18.44,166.93,0,Office,Hog,10351.6,US/Central,0.9998859879147189
Bull_assembly_Amalia,17319,0.9872,1.28,558.39,128.91,0.0,1149.0,137,Entertainment/public assembly,Bull,52377.0,US/Central,0.9981174054424097
Rat_health_Shane,17317,0.9871,1.29,1146.17,198.52,353.86,1919.72,0,Healthcare,Rat,41806.4,US/Eastern,0.9996579052397514
Bull_education_Venita,17317,0.9871,1.29,37.93,8.6,0.0,65.0,111,Education,Bull,4882.9,US/Central,0.9981174054424097
Fox_office_Easter,17317,0.9871,1.29,22.46,10.34,0.0,65.84,6,Office,Fox,2766.5,US/Mountain,0.9999429972068631
Bear_education_Derek,17315,0.9869,1.31,186.05,20.21,114.77,279.02,0,Education,Bear,6331.0,US/Pacific,1.0
Rat_office_Colby,17313,0.9868,1.32,2155.85,316.1,871.21,3095.44,0,Office,Rat,79000.4,US/Eastern,0.9996579052397514
Rat_office_Jessica,17310,0.9867,1.33,701.09,136.45,245.6,1113.33,0,Office,Rat,30542.8,US/Eastern,0.9996579052397514
Rat_office_Ramiro,17309,0.9866,1.34,35.06,12.65,0.65,81.96,0,Office,Rat,8297.6,US/Eastern,0.9996579052397514
Hog_assembly_Pedro,17306,0.9864,1.36,220.75,107.71,61.06,607.32,0,Entertainment/public assembly,Hog,24942.6,US/Central,0.9998859879147189
Bear_education_Lorie,17305,0.9864,1.36,399.24,49.35,225.65,587.52,0,Education,Bear,11212.8,US/Pacific,1.0
Rat_public_Alanna,17303,0.9863,1.37,1165.34,331.5,347.76,2384.16,0,Public services,Rat,42888.4,US/Eastern,0.9996579052397514
Bear_education_Alfredo,17301,0.9861,1.39,0.18,0.08,0.05,0.47,0,Education,Bear,609.8,US/Pacific,1.0
Bear_education_Laurette,17301,0.9861,1.39,51.1,3.88,37.39,65.74,0,Education,Bear,4079.4,US/Pacific,1.0
Robin_education_Kristopher,17299,0.986,1.4,125.55,26.22,46.4,228.2,0,Education,Robin,5686.0,Europe/London,0.9999429093400319
Eagle_education_Peter,17295,0.9858,1.42,1558.94,151.51,1025.56,1989.07,0,Education,Eagle,41103.8,US/Eastern,0.9998289233576643
Rat_lodging_Marion,17295,0.9858,1.42,36.01,11.47,13.5,81.45,0,Lodging/residential,Rat,1105.5,US/Eastern,0.9996579052397514
Peacock_office_Major,17293,0.9857,1.43,204.28,26.03,90.4,296.98,0,Office,Peacock,6507.1,US/Eastern,0.9993728262728776
Rat_education_Marcos,17292,0.9856,1.44,367.13,108.56,135.54,736.59,0,Education,Rat,8398.4,US/Eastern,0.9996579052397514
Fox_parking_Felipa,17291,0.9856,1.44,61.91,11.1,25.67,93.51,0,Parking,Fox,51767.1,US/Mountain,0.9999429972068631
Hog_assembly_Annemarie,17290,0.9855,1.45,0.0,0.0,0.0,0.0,17290,Entertainment/public assembly,Hog,7472.9,US/Central,0.9998859879147189
Eagle_health_Reuben,17289,0.9855,1.45,223.32,44.28,54.0,399.0,0,Healthcare,Eagle,12083.6,US/Eastern,0.9998289233576643
Rat_health_Gaye,17287,0.9854,1.46,37.47,11.74,14.09,79.56,0,Healthcare,Rat,2220.7,US/Eastern,0.9996579052397514
Bear_education_Lashanda,17288,0.9854,1.46,73.12,34.46,21.05,173.47,0,Education,Bear,10945.3,US/Pacific,1.0
Lamb_office_Peggy,17285,0.9852,1.48,1.69,2.36,0.0,9.5,142,Office,Lamb,432.0,Europe/London,0.9998857142857143
Lamb_lodging_Harley,17277,0.9848,1.52,2.85,2.7,0.0,14.3,1098,Lodging/residential,Lamb,1587.0,Europe/London,0.9998857142857143
Bear_utility_Sidney,17273,0.9846,1.54,52.14,3.56,42.73,65.04,0,Utility,Bear,2176.9,US/Pacific,1.0
Bull_lodging_Graciela,17272,0.9845,1.55,11.97,2.76,0.0,23.5,206,Lodging/residential,Bull,961.2,US/Central,0.9981174054424097
Bear_education_Holly,17272,0.9845,1.55,1.23,0.54,0.0,3.4,1,Education,Bear,722.9,US/Pacific,1.0
Bull_lodging_Leonard,17266,0.9842,1.58,34.23,6.86,0.0,63.0,57,Lodging/residential,Bull,3831.4,US/Central,0.9981174054424097
Rat_assembly_Alex,17266,0.9842,1.58,6.37,4.32,1.23,18.23,0,Entertainment/public assembly,Rat,129.7,US/Eastern,0.9996579052397514
Rat_assembly_Trudy,17263,0.984,1.6,36.97,18.76,0.0,100.79,1,Entertainment/public assembly,Rat,1917.9,US/Eastern,0.9996579052397514
Hog_office_Terry,17258,0.9837,1.63,696.9,477.82,0.0,2237.63,9,Office,Hog,24854.9,US/Central,0.9998859879147189
Eagle_food_Jennifer,17258,0.9837,1.63,83.68,67.2,0.0,279.71,2144,Food sales and service,Eagle,3307.8,US/Eastern,0.9998289233576643
Lamb_assembly_Alden,17256,0.9836,1.64,1.14,0.97,0.0,4.4,92,Entertainment/public assembly,Lamb,811.0,Europe/London,0.9998857142857143
Eagle_education_Brooke,17257,0.9836,1.64,915.04,68.74,630.38,1147.38,0,Education,Eagle,25384.3,US/Eastern,0.9998289233576643
Hog_office_Clemencia,17252,0.9834,1.66,78.35,13.09,23.13,121.61,0,Office,Hog,5453.7,US/Central,0.9998859879147189
Rat_office_Jill,17251,0.9833,1.67,647.78,418.19,0.21,2052.7,0,Office,Rat,31587.0,US/Eastern,0.9996579052397514
Bull_lodging_Perry,17239,0.9826,1.74,52.92,10.22,7.0,95.0,0,Lodging/residential,Bull,6480.4,US/Central,0.9981174054424097
Fox_education_Lesley,17237,0.9825,1.75,12.62,7.02,0.0,41.12,2,Education,Fox,1555.6,US/Mountain,0.9999429972068631
Bull_education_Nolan,17234,0.9823,1.77,66.69,12.59,13.0,107.0,0,Education,Bull,8512.6,US/Central,0.9981174054424097
Lamb_assembly_Dorathy,17233,0.9823,1.77,1.97,2.17,0.0,9.7,72,Entertainment/public assembly,Lamb,815.0,Europe/London,0.9998857142857143
Panther_retail_Rachel,17232,0.9822,1.78,2.69,2.02,0.0,8.76,3377,Retail,Panther,26.3,US/Eastern,0.999829001367989
Lamb_assembly_Bertie,17230,0.9821,1.79,69.43,63.62,0.0,293.6,18,Entertainment/public assembly,Lamb,13908.0,Europe/London,0.9998857142857143
Fox_education_Yolande,17230,0.9821,1.79,523.65,48.63,415.02,691.64,0,Education,Fox,16681.6,US/Mountain,0.9999429972068631
Hog_education_Luvenia,17229,0.982,1.8,468.18,87.93,179.03,791.32,0,Education,Hog,17851.5,US/Central,0.9998859879147189
Bull_office_Lilla,17229,0.982,1.8,466.3,75.51,115.0,778.0,0,Office,Bull,16890.2,US/Central,0.9981174054424097
Eagle_office_Donovan,17226,0.9819,1.81,64.37,26.31,0.0,153.99,46,Office,Eagle,8031.9,US/Eastern,0.9998289233576643
Lamb_education_Patsy,17225,0.9818,1.82,4.89,6.78,0.0,31.7,46,Education,Lamb,2991.0,Europe/London,0.9998857142857143
Bull_education_Stewart,17225,0.9818,1.82,125.69,17.77,46.0,200.0,0,Education,Bull,7212.2,US/Central,0.9981174054424097
Fox_education_Cynthia,17222,0.9816,1.84,207.59,36.02,63.05,355.79,0,Education,Fox,7197.1,US/Mountain,0.9999429972068631
Bull_education_Clarice,17219,0.9815,1.85,31.63,5.98,5.0,56.0,0,Education,Bull,5132.0,US/Central,0.9981174054424097
Rat_education_Marianna,17217,0.9814,1.86,78.63,31.0,35.31,191.13,0,Education,Rat,5936.5,US/Eastern,0.9996579052397514
Rat_education_Lonnie,17216,0.9813,1.87,58.91,30.96,0.0,163.52,2,Education,Rat,4645.2,US/Eastern,0.9996579052397514
Hog_office_Concetta,17215,0.9812,1.88,7.69,10.1,0.0,47.0,7404,Office,Hog,2699.9,US/Central,0.9998859879147189
Rat_public_Wilbur,17215,0.9812,1.88,179.28,23.86,111.45,271.68,0,Public services,Rat,537.3,US/Eastern,0.9996579052397514
Eagle_lodging_Dawn,17212,0.9811,1.89,74.4,17.46,17.64,139.35,0,Lodging/residential,Eagle,5785.9,US/Eastern,0.9998289233576643
Bull_lodging_Hugo,17210,0.981,1.9,71.71,14.34,13.0,133.0,0,Lodging/residential,Bull,8062.7,US/Central,0.9981174054424097
Bull_education_Dania,17210,0.981,1.9,41.05,8.79,11.0,69.0,0,Education,Bull,5215.3,US/Central,0.9981174054424097
Eagle_public_Ola,17210,0.981,1.9,130.42,37.6,0.0,226.0,46,Public services,Eagle,8874.7,US/Eastern,0.9998289233576643
Hog_office_Lanell,17208,0.9808,1.92,138.57,61.18,1.84,342.25,0,Office,Hog,14209.1,US/Central,0.9998859879147189
Bull_lodging_Lettie,17207,0.9808,1.92,34.39,6.78,5.0,58.0,0,Lodging/residential,Bull,3683.4,US/Central,0.9981174054424097
Bull_lodging_Melissa,17207,0.9808,1.92,251.8,41.76,49.0,446.0,0,Lodging/residential,Bull,27992.3,US/Central,0.9981174054424097
Bull_office_Claudia,17208,0.9808,1.92,33.37,2.39,25.0,42.0,0,Office,Bull,2272.7,US/Central,0.9981174054424097
Bull_services_Nadine,17207,0.9808,1.92,119.74,16.6,60.0,161.0,0,Services,Bull,36198.8,US/Central,0.9981174054424097
Bull_education_Brenda,17207,0.9808,1.92,146.73,27.62,32.52,238.08,0,Education,Bull,14652.9,US/Central,0.9981174054424097
Bull_education_Mervin,17205,0.9807,1.93,186.68,32.33,42.0,305.0,0,Education,Bull,20255.1,US/Central,0.9981174054424097
Eagle_assembly_Estelle,17203,0.9806,1.94,11.11,4.51,0.0,26.0,179,Entertainment/public assembly,Eagle,1723.4,US/Eastern,0.9998289233576643
Bull_education_Racheal,17203,0.9806,1.94,583.68,94.44,139.0,968.0,0,Education,Bull,36560.1,US/Central,0.9981174054424097
Bull_office_Nicolas,17203,0.9806,1.94,20.2,5.13,0.0,43.0,114,Office,Bull,1943.3,US/Central,0.9981174054424097
Bull_education_Hayley,17200,0.9804,1.96,169.39,26.7,51.0,272.0,0,Education,Bull,17997.4,US/Central,0.9981174054424097
Rat_public_Bronwyn,17201,0.9804,1.96,444.85,88.31,269.88,779.64,0,Public services,Rat,51583.7,US/Eastern,0.9996579052397514
Bull_lodging_Carie,17198,0.9803,1.97,55.19,7.51,21.0,84.0,0,Lodging/residential,Bull,3683.5,US/Central,0.9981174054424097
Bull_education_Brain,17199,0.9803,1.97,375.03,46.95,164.0,590.0,0,Education,Bull,21365.2,US/Central,0.9981174054424097
Bull_office_Ella,17197,0.9802,1.98,71.9,10.61,30.0,108.0,0,Office,Bull,821.0,US/Central,0.9981174054424097
Bull_education_Nina,17197,0.9802,1.98,250.34,30.53,112.0,381.0,0,Education,Bull,12131.0,US/Central,0.9981174054424097
Robin_education_Lashandra,17194,0.9801,1.99,159.89,138.35,0.02,502.0,0,Education,Robin,9061.0,Europe/London,0.9999429093400319
Lamb_assembly_Rosa,17194,0.9801,1.99,97.26,180.34,0.0,817.1,0,Entertainment/public assembly,Lamb,1132.0,Europe/London,0.9998857142857143
Hog_assembly_Edward,17194,0.9801,1.99,1.79,2.73,0.0,9.83,11276,Entertainment/public assembly,Hog,1807.3,US/Central,0.9998859879147189
Hog_public_Kevin,17194,0.9801,1.99,523.69,321.65,71.4,1541.17,0,Public services,Hog,35416.6,US/Central,0.9998859879147189
Hog_office_Thomas,17194,0.9801,1.99,45.16,55.95,0.0,205.0,988,Office,Hog,2092.9,US/Central,0.9998859879147189
Hog_office_Cordelia,17194,0.9801,1.99,25.77,14.73,0.0,72.49,1,Office,Hog,4420.1,US/Central,0.9998859879147189
Lamb_education_Ira,17194,0.9801,1.99,2.33,3.21,0.0,15.7,2300,Education,Lamb,1048.0,Europe/London,0.9998857142857143
Hog_education_Darryl,17194,0.9801,1.99,2.54,3.53,0.0,11.69,10889,Education,Hog,994.3,US/Central,0.9998859879147189
Hog_office_Lavon,17194,0.9801,1.99,232.83,357.68,0.01,1659.33,0,Office,Hog,1530.3,US/Central,0.9998859879147189
Lamb_education_Darrel,17194,0.9801,1.99,39.06,38.63,0.0,158.1,15,Education,Lamb,11954.9,Europe/London,0.9998857142857143
Lamb_education_Fred,17194,0.9801,1.99,7.73,7.37,0.0,31.9,1099,Education,Lamb,2708.0,Europe/London,0.9998857142857143
Hog_office_Valda,17194,0.9801,1.99,29.1,15.0,5.85,85.33,0,Office,Hog,5255.4,US/Central,0.9998859879147189
Eagle_health_Jodi,17194,0.9801,1.99,179.92,44.17,91.39,311.5,0,Healthcare,Eagle,22083.4,US/Eastern,0.9998289233576643
Eagle_assembly_Latrina,17194,0.9801,1.99,135.65,65.03,0.0,369.29,1199,Entertainment/public assembly,Eagle,26702.1,US/Eastern,0.9998289233576643
Lamb_education_Rick,17194,0.9801,1.99,4.94,7.78,0.0,40.02,46,Education,Lamb,1584.0,Europe/London,0.9998857142857143
Lamb_education_Sara,17194,0.9801,1.99,28.44,33.47,0.0,160.1,0,Education,Lamb,8711.0,Europe/London,0.9998857142857143
Eagle_office_Lillian,17194,0.9801,1.99,46.92,36.33,0.0,137.61,571,Office,Eagle,4844.1,US/Eastern,0.9998289233576643
Eagle_lodging_Terri,17194,0.9801,1.99,101.17,37.22,0.0,215.11,776,Lodging/residential,Eagle,7422.9,US/Eastern,0.9998289233576643
Eagle_office_Flossie,17194,0.9801,1.99,148.19,44.47,0.0,293.88,818,Office,Eagle,3989.4,US/Eastern,0.9998289233576643
Eagle_office_Damian,17194,0.9801,1.99,175.6,53.29,0.0,315.95,422,Office,Eagle,10606.4,US/Eastern,0.9998289233576643
Lamb_education_Garry,17194,0.9801,1.99,6.11,9.57,0.0,40.6,46,Education,Lamb,3157.0,Europe/London,0.9998857142857143
Lamb_education_Moses,17194,0.9801,1.99,6.07,6.23,0.0,25.2,1099,Education,Lamb,1295.0,Europe/London,0.9998857142857143
Hog_office_Marlena,17194,0.9801,1.99,82.82,69.37,0.0,334.35,91,Office,Hog,12239.5,US/Central,0.9998859879147189
Eagle_office_Tia,17194,0.9801,1.99,179.13,56.69,0.0,339.56,844,Office,Eagle,11403.5,US/Eastern,0.9998289233576643
Eagle_office_Norbert,17194,0.9801,1.99,92.81,33.86,0.0,215.04,794,Office,Eagle,5406.6,US/Eastern,0.9998289233576643
Eagle_education_Edith,17194,0.9801,1.99,172.41,65.52,0.0,372.48,373,Education,Eagle,7427.5,US/Eastern,0.9998289233576643
Eagle_health_Amy,17194,0.9801,1.99,80.54,34.45,0.0,180.83,40,Healthcare,Eagle,5238.6,US/Eastern,0.9998289233576643
Lamb_lodging_Burt,17194,0.9801,1.99,1.78,2.0,0.0,12.92,47,Lodging/residential,Lamb,705.0,Europe/London,0.9998857142857143
Lamb_assembly_Steven,17194,0.9801,1.99,3.27,3.61,0.0,15.76,23,Entertainment/public assembly,Lamb,506.0,Europe/London,0.9998857142857143
Lamb_education_Salvador,17194,0.9801,1.99,5.85,7.4,0.0,32.1,1121,Education,Lamb,2570.0,Europe/London,0.9998857142857143
Lamb_assembly_Delilah,17194,0.9801,1.99,5.75,10.27,0.0,37.8,46,Entertainment/public assembly,Lamb,2887.0,Europe/London,0.9998857142857143
Lamb_assembly_Librada,17194,0.9801,1.99,27.84,31.91,0.0,186.8,0,Entertainment/public assembly,Lamb,2957.0,Europe/London,0.9998857142857143
Lamb_education_Hubert,17194,0.9801,1.99,6.61,8.91,0.0,34.2,41,Education,Lamb,1047.0,Europe/London,0.9998857142857143
Mouse_health_Justin,17194,0.9801,1.99,723.08,269.03,0.0,1487.02,1325,Healthcare,Mouse,17735.0,Europe/London,0.9999429093400319
Eagle_public_Minnie,17194,0.9801,1.99,149.4,35.6,0.0,288.0,24,Public services,Eagle,6807.7,US/Eastern,0.9998289233576643
Lamb_assembly_Katelyn,17194,0.9801,1.99,26.56,23.0,0.0,100.6,0,Entertainment/public assembly,Lamb,4519.0,Europe/London,0.9998857142857143
Lamb_education_Aldo,17194,0.9801,1.99,1.31,2.19,0.0,8.8,3559,Education,Lamb,736.0,Europe/London,0.9998857142857143
Lamb_education_Hui,17194,0.9801,1.99,9.55,14.33,0.0,65.2,49,Education,Lamb,3462.0,Europe/London,0.9998857142857143
Eagle_office_Remedios,17194,0.9801,1.99,84.9,23.54,0.0,155.31,806,Office,Eagle,4781.8,US/Eastern,0.9998289233576643
Lamb_education_Sabrina,17194,0.9801,1.99,2.96,3.73,0.0,15.7,1181,Education,Lamb,1065.0,Europe/London,0.9998857142857143
Lamb_assembly_Dillon,17194,0.9801,1.99,20.6,21.08,0.0,95.4,2,Entertainment/public assembly,Lamb,5313.0,Europe/London,0.9998857142857143
Lamb_education_Maxwell,17194,0.9801,1.99,4.84,6.4,0.0,30.11,46,Education,Lamb,2635.0,Europe/London,0.9998857142857143
Eagle_assembly_Margret,17194,0.9801,1.99,389.29,90.47,0.0,570.94,84,Entertainment/public assembly,Eagle,16797.4,US/Eastern,0.9998289233576643
Hog_office_Betsy,17194,0.9801,1.99,621.83,430.03,86.46,2043.16,0,Office,Hog,23175.3,US/Central,0.9998859879147189
Hog_science_Max,17194,0.9801,1.99,147.66,21.13,0.0,271.0,124,Technology/science,Hog,8310.7,US/Central,0.9998859879147189
Hog_office_Shawna,17194,0.9801,1.99,144.03,73.17,30.74,314.39,0,Office,Hog,18213.0,US/Central,0.9998859879147189
Hog_office_Bessie,17194,0.9801,1.99,78.31,29.01,25.0,178.0,0,Office,Hog,8975.5,US/Central,0.9998859879147189
Lamb_education_Wanda,17194,0.9801,1.99,2.99,3.78,0.0,18.1,1101,Education,Lamb,1086.0,Europe/London,0.9998857142857143
Lamb_education_Vaughn,17194,0.9801,1.99,5.34,5.82,0.0,27.7,1076,Education,Lamb,2619.0,Europe/London,0.9998857142857143
Hog_education_Casandra,17194,0.9801,1.99,1058.22,376.67,320.36,2097.11,0,Education,Hog,26033.7,US/Central,0.9998859879147189
Hog_warehouse_Porsha,17194,0.9801,1.99,11.45,10.62,0.0,32.29,3,Warehouse/storage,Hog,3666.3,US/Central,0.9998859879147189
Lamb_assembly_Walter,17194,0.9801,1.99,2.5,3.75,0.0,15.0,51,Entertainment/public assembly,Lamb,1460.0,Europe/London,0.9998857142857143
Lamb_education_Logan,17194,0.9801,1.99,2.91,3.57,0.0,16.0,2202,Education,Lamb,2152.0,Europe/London,0.9998857142857143
Lamb_education_Mae,17194,0.9801,1.99,48.7,41.59,0.0,176.8,0,Education,Lamb,11247.0,Europe/London,0.9998857142857143
Lamb_education_Junior,17194,0.9801,1.99,41.67,38.8,0.0,162.0,32,Education,Lamb,11285.0,Europe/London,0.9998857142857143
Lamb_education_Marty,17194,0.9801,1.99,4.11,6.44,0.0,24.7,1105,Education,Lamb,1201.0,Europe/London,0.9998857142857143
Lamb_education_Marc,17194,0.9801,1.99,7.31,11.56,0.0,64.7,3139,Education,Lamb,811.0,Europe/London,0.9998857142857143
Lamb_education_Hilary,17194,0.9801,1.99,3.4,5.0,0.0,23.4,47,Education,Lamb,1281.0,Europe/London,0.9998857142857143
Lamb_education_Armando,17194,0.9801,1.99,38.09,38.1,0.0,157.77,0,Education,Lamb,11200.9,Europe/London,0.9998857142857143
Lamb_education_Luz,17194,0.9801,1.99,73.35,54.05,0.0,225.46,14,Education,Lamb,14474.9,Europe/London,0.9998857142857143
Lamb_education_Bert,17194,0.9801,1.99,5.48,6.01,0.0,25.4,1099,Education,Lamb,2403.0,Europe/London,0.9998857142857143
Lamb_education_Nichol,17194,0.9801,1.99,1.21,2.22,0.0,12.9,693,Education,Lamb,4373.0,Europe/London,0.9998857142857143
Lamb_education_Hellen,17194,0.9801,1.99,3.05,3.31,0.0,14.8,1100,Education,Lamb,1123.0,Europe/London,0.9998857142857143
Lamb_assembly_Dudley,17194,0.9801,1.99,11.35,13.75,0.0,57.7,7532,Entertainment/public assembly,Lamb,2588.0,Europe/London,0.9998857142857143
Lamb_office_Kerry,17194,0.9801,1.99,0.97,1.07,0.0,9.9,7094,Office,Lamb,3962.0,Europe/London,0.9998857142857143
Lamb_education_Faith,17194,0.9801,1.99,7.04,7.51,0.0,31.4,1099,Education,Lamb,1597.0,Europe/London,0.9998857142857143
Lamb_education_Robin,17194,0.9801,1.99,35.74,32.57,0.0,146.1,16,Education,Lamb,8794.0,Europe/London,0.9998857142857143
Lamb_assembly_Tasha,17194,0.9801,1.99,8.54,11.58,0.0,37.0,23,Entertainment/public assembly,Lamb,443.0,Europe/London,0.9998857142857143
Lamb_education_Ellen,17194,0.9801,1.99,4.4,5.29,0.0,23.7,1098,Education,Lamb,2061.0,Europe/London,0.9998857142857143
Lamb_education_Antonio,17194,0.9801,1.99,36.51,34.48,0.0,141.47,15,Education,Lamb,9516.0,Europe/London,0.9998857142857143
Lamb_assembly_Louis,17194,0.9801,1.99,14.7,14.32,0.0,74.77,577,Entertainment/public assembly,Lamb,3373.0,Europe/London,0.9998857142857143
Lamb_education_Debby,17194,0.9801,1.99,7.43,10.86,0.0,47.4,1098,Education,Lamb,2961.0,Europe/London,0.9998857142857143
Lamb_education_Domitila,17194,0.9801,1.99,52.87,49.78,0.0,201.6,14,Education,Lamb,12924.0,Europe/London,0.9998857142857143
Lamb_education_Daniel,17194,0.9801,1.99,7.29,6.8,0.0,30.08,70,Education,Lamb,1432.0,Europe/London,0.9998857142857143
Lamb_education_Bettye,17194,0.9801,1.99,7.97,10.3,0.0,43.2,68,Education,Lamb,2692.0,Europe/London,0.9998857142857143
Eagle_office_Elia,17194,0.9801,1.99,137.59,55.21,0.0,301.63,371,Office,Eagle,6014.8,US/Eastern,0.9998289233576643
Eagle_health_Margo,17194,0.9801,1.99,55.36,14.84,0.0,82.12,843,Healthcare,Eagle,2379.2,US/Eastern,0.9998289233576643
Eagle_education_Cassie,17194,0.9801,1.99,30.88,35.83,0.0,107.0,9065,Education,Eagle,3066.9,US/Eastern,0.9998289233576643
Hog_office_Garrett,17194,0.9801,1.99,372.84,180.16,0.0,960.25,175,Office,Hog,28339.8,US/Central,0.9998859879147189
Eagle_office_Lamont,17194,0.9801,1.99,31.02,9.84,0.0,67.4,817,Office,Eagle,1453.8,US/Eastern,0.9998289233576643
Hog_office_Denita,17194,0.9801,1.99,58.64,29.47,12.01,141.46,0,Office,Hog,8824.7,US/Central,0.9998859879147189
Hog_services_Adrianna,17194,0.9801,1.99,242.86,81.86,108.66,547.1,0,Services,Hog,4696.4,US/Central,0.9998859879147189
Hog_office_Bryan,17194,0.9801,1.99,46.23,52.49,0.0,164.2,8871,Office,Hog,9655.0,US/Central,0.9998859879147189
Hog_office_Sherrie,17194,0.9801,1.99,40.41,19.5,12.27,113.06,0,Office,Hog,8639.4,US/Central,0.9998859879147189
Hog_office_Judith,17194,0.9801,1.99,50.99,116.1,0.0,373.0,14391,Office,Hog,18626.2,US/Central,0.9998859879147189
Lamb_education_Alina,17194,0.9801,1.99,2.88,4.29,0.0,20.1,7452,Education,Lamb,1877.0,Europe/London,0.9998857142857143
Eagle_office_Mandi,17194,0.9801,1.99,16.42,4.1,0.0,23.2,814,Office,Eagle,820.9,US/Eastern,0.9998289233576643
Lamb_office_Donita,17194,0.9801,1.99,0.28,0.27,0.0,1.7,1198,Office,Lamb,972.0,Europe/London,0.9998857142857143
Lamb_education_Kasha,17194,0.9801,1.99,4.69,7.86,0.0,35.6,1101,Education,Lamb,2335.0,Europe/London,0.9998857142857143
Hog_office_Nancie,17194,0.9801,1.99,62.87,31.16,0.0,158.64,10,Office,Hog,8348.1,US/Central,0.9998859879147189
Lamb_education_Dwayne,17194,0.9801,1.99,5.69,5.36,0.0,22.59,46,Education,Lamb,1391.0,Europe/London,0.9998857142857143
Lamb_education_Traci,17194,0.9801,1.99,2.02,3.12,0.0,13.5,2534,Education,Lamb,1374.0,Europe/London,0.9998857142857143
Lamb_office_Caitlin,17194,0.9801,1.99,22.55,33.17,0.0,124.2,0,Office,Lamb,3365.0,Europe/London,0.9998857142857143
Hog_office_Myles,17194,0.9801,1.99,52.94,23.99,19.54,130.52,0,Office,Hog,7412.0,US/Central,0.9998859879147189
Hog_parking_Jean,17194,0.9801,1.99,54.19,40.91,8.77,170.76,0,Parking,Hog,16561.8,US/Central,0.9998859879147189
Hog_office_Richelle,17194,0.9801,1.99,85.81,27.34,32.3,153.73,0,Office,Hog,9285.3,US/Central,0.9998859879147189
Hog_office_Vera,17194,0.9801,1.99,114.16,50.31,31.0,243.0,0,Office,Hog,8483.5,US/Central,0.9998859879147189
Lamb_education_Nathan,17194,0.9801,1.99,3.6,4.91,0.0,23.0,1099,Education,Lamb,2937.0,Europe/London,0.9998857142857143
Lamb_education_Heidi,17194,0.9801,1.99,6.56,7.46,0.0,31.0,1121,Education,Lamb,2164.0,Europe/London,0.9998857142857143
Lamb_education_Carlton,17194,0.9801,1.99,10.52,10.81,0.0,45.7,1122,Education,Lamb,3323.0,Europe/London,0.9998857142857143
Lamb_education_Hillary,17194,0.9801,1.99,3.93,6.39,0.0,30.0,748,Education,Lamb,2238.0,Europe/London,0.9998857142857143
Lamb_education_Larissa,17194,0.9801,1.99,5.98,8.16,0.0,33.3,113,Education,Lamb,2555.0,Europe/London,0.9998857142857143
Lamb_public_Angeline,17194,0.9801,1.99,16.4,21.95,0.0,80.9,2831,Public services,Lamb,3889.0,Europe/London,0.9998857142857143
Lamb_education_Harold,17194,0.9801,1.99,3.52,5.43,0.0,28.6,835,Education,Lamb,1188.0,Europe/London,0.9998857142857143
Lamb_office_William,17194,0.9801,1.99,1.31,1.62,0.0,6.5,1351,Office,Lamb,732.0,Europe/London,0.9998857142857143
Lamb_education_Sunny,17194,0.9801,1.99,5.86,6.79,0.0,28.84,76,Education,Lamb,1691.0,Europe/London,0.9998857142857143
Lamb_education_Wilbert,17194,0.9801,1.99,6.15,10.1,0.0,48.1,1098,Education,Lamb,2215.0,Europe/London,0.9998857142857143
Eagle_office_Jeff,17194,0.9801,1.99,43.34,13.84,0.0,88.0,150,Office,Eagle,1586.5,US/Eastern,0.9998289233576643
Lamb_education_Augustine,17194,0.9801,1.99,4.87,7.42,0.0,32.0,46,Education,Lamb,2939.0,Europe/London,0.9998857142857143
Eagle_public_Alvin,17194,0.9801,1.99,104.66,23.18,0.0,192.72,155,Public services,Eagle,7110.5,US/Eastern,0.9998289233576643
Eagle_health_Gregoria,17194,0.9801,1.99,440.62,254.95,0.0,759.38,4184,Healthcare,Eagle,18580.6,US/Eastern,0.9998289233576643
Eagle_office_Nereida,17194,0.9801,1.99,159.33,45.9,0.0,254.36,767,Office,Eagle,10746.6,US/Eastern,0.9998289233576643
Eagle_education_Eileen,17194,0.9801,1.99,40.85,12.93,0.0,77.44,844,Education,Eagle,2600.8,US/Eastern,0.9998289233576643
Eagle_education_Shanna,17194,0.9801,1.99,295.58,53.89,96.0,483.0,0,Education,Eagle,9718.0,US/Eastern,0.9998289233576643
Lamb_education_Gabrielle,17194,0.9801,1.99,4.29,5.19,0.0,23.37,0,Education,Lamb,2572.0,Europe/London,0.9998857142857143
Lamb_education_Leopoldo,17194,0.9801,1.99,5.79,8.02,0.0,33.1,1076,Education,Lamb,3984.0,Europe/London,0.9998857142857143
Lamb_office_Bertha,17194,0.9801,1.99,46.45,54.71,0.01,175.5,0,Office,Lamb,5336.0,Europe/London,0.9998857142857143
Lamb_education_Jane,17194,0.9801,1.99,8.56,9.18,0.0,38.5,1122,Education,Lamb,2777.0,Europe/London,0.9998857142857143
Lamb_education_Norris,17194,0.9801,1.99,8.37,9.61,0.0,42.9,1076,Education,Lamb,3211.0,Europe/London,0.9998857142857143
Lamb_office_Corine,17194,0.9801,1.99,0.12,0.21,0.0,1.5,8577,Office,Lamb,501.0,Europe/London,0.9998857142857143
Lamb_assembly_Ethel,17194,0.9801,1.99,17.84,23.25,0.0,84.7,8213,Entertainment/public assembly,Lamb,3854.0,Europe/London,0.9998857142857143
Lamb_education_Phil,17194,0.9801,1.99,2.84,3.82,0.0,15.6,1102,Education,Lamb,1014.0,Europe/London,0.9998857142857143
Lamb_education_Dolly,17194,0.9801,1.99,3.93,5.47,0.0,24.1,1125,Education,Lamb,2154.0,Europe/London,0.9998857142857143
Lamb_education_Mckenzie,17194,0.9801,1.99,35.96,33.69,0.0,143.0,15,Education,Lamb,11710.0,Europe/London,0.9998857142857143
Lamb_education_Kayla,17194,0.9801,1.99,6.98,7.71,0.0,33.4,1121,Education,Lamb,2418.0,Europe/London,0.9998857142857143
Lamb_education_Eula,17194,0.9801,1.99,1.04,1.82,0.0,11.8,0,Education,Lamb,2927.0,Europe/London,0.9998857142857143
Fox_education_Henrietta,17194,0.9801,1.99,27.84,21.42,0.0,102.7,34,Education,Fox,425.8,US/Mountain,0.9999429972068631
Eagle_office_Phyllis,17194,0.9801,1.99,39.9,9.96,0.0,56.38,814,Office,Eagle,1994.5,US/Eastern,0.9998289233576643
Eagle_office_Randolph,17194,0.9801,1.99,110.96,34.97,8.56,214.54,0,Office,Eagle,6038.7,US/Eastern,0.9998289233576643
Eagle_office_Sheree,17194,0.9801,1.99,41.9,17.93,0.0,90.0,22,Office,Eagle,2907.9,US/Eastern,0.9998289233576643
Eagle_office_Chauncey,17194,0.9801,1.99,528.11,141.03,0.0,783.79,756,Office,Eagle,22068.7,US/Eastern,0.9998289233576643
Eagle_office_Demetra,17194,0.9801,1.99,154.39,60.65,0.0,287.0,46,Office,Eagle,9670.2,US/Eastern,0.9998289233576643
Eagle_education_Alberto,17194,0.9801,1.99,443.02,109.0,0.0,625.26,769,Education,Eagle,15894.2,US/Eastern,0.9998289233576643
Eagle_assembly_Ian,17194,0.9801,1.99,431.95,142.83,0.0,1000.0,162,Entertainment/public assembly,Eagle,34376.3,US/Eastern,0.9998289233576643
Eagle_education_Shante,17194,0.9801,1.99,610.62,104.94,0.0,779.85,391,Education,Eagle,21566.4,US/Eastern,0.9998289233576643
Eagle_education_Sheena,17194,0.9801,1.99,26.77,13.15,0.0,65.11,2221,Education,Eagle,4277.0,US/Eastern,0.9998289233576643
Eagle_health_Vincenza,17194,0.9801,1.99,53.95,20.5,0.0,102.59,15,Healthcare,Eagle,3284.5,US/Eastern,0.9998289233576643
Eagle_office_Amanda,17194,0.9801,1.99,282.44,86.81,0.0,617.89,805,Office,Eagle,8487.9,US/Eastern,0.9998289233576643
Eagle_office_Katheleen,17194,0.9801,1.99,99.95,41.16,0.0,263.41,715,Office,Eagle,4202.9,US/Eastern,0.9998289233576643
Lamb_food_Sylvia,17194,0.9801,1.99,9.29,13.93,0.0,46.4,1076,Food sales and service,Lamb,3280.0,Europe/London,0.9998857142857143
Lamb_education_Lucas,17194,0.9801,1.99,4.07,5.31,0.0,25.85,0,Education,Lamb,1737.0,Europe/London,0.9998857142857143
Lamb_industrial_Enrique,17194,0.9801,1.99,48.84,39.73,0.01,190.68,0,Manufacturing/industrial,Lamb,358.0,Europe/London,0.9998857142857143
Robin_education_Takako,17194,0.9801,1.99,162.49,58.56,1.2,316.9,0,Education,Robin,1561.0,Europe/London,0.9999429093400319
Robin_office_Donald,17194,0.9801,1.99,153.91,49.29,0.0,310.75,46,Office,Robin,7669.0,Europe/London,0.9999429093400319
Robin_education_Billi,17194,0.9801,1.99,38.46,22.21,0.01,106.2,0,Education,Robin,3560.0,Europe/London,0.9999429093400319
Eagle_public_Pearle,17194,0.9801,1.99,346.96,136.02,0.0,591.93,422,Public services,Eagle,22990.8,US/Eastern,0.9998289233576643
Eagle_office_Elias,17194,0.9801,1.99,82.84,25.14,0.0,149.05,422,Office,Eagle,5003.8,US/Eastern,0.9998289233576643
Eagle_education_April,17194,0.9801,1.99,39.51,22.71,0.0,86.0,4082,Education,Eagle,7144.5,US/Eastern,0.9998289233576643
Lamb_education_Williams,17194,0.9801,1.99,24.04,29.4,0.0,128.8,15,Education,Lamb,8255.0,Europe/London,0.9998857142857143
Lamb_assembly_Jerry,17194,0.9801,1.99,1.68,2.31,0.0,13.0,2322,Entertainment/public assembly,Lamb,1037.0,Europe/London,0.9998857142857143
Lamb_assembly_Zita,17194,0.9801,1.99,0.21,0.6,0.0,2.8,6108,Entertainment/public assembly,Lamb,642.0,Europe/London,0.9998857142857143
Lamb_education_Stefan,17194,0.9801,1.99,6.37,9.38,0.0,42.3,46,Education,Lamb,2151.0,Europe/London,0.9998857142857143
Lamb_office_Maggie,17194,0.9801,1.99,2.11,3.27,0.0,17.4,304,Office,Lamb,1134.0,Europe/London,0.9998857142857143
Lamb_education_Sylvester,17194,0.9801,1.99,2.77,3.12,0.0,12.5,1109,Education,Lamb,2132.0,Europe/London,0.9998857142857143
Lamb_education_Philomena,17194,0.9801,1.99,35.69,33.24,0.0,137.01,26,Education,Lamb,12732.0,Europe/London,0.9998857142857143
Robin_office_Antonina,17194,0.9801,1.99,421.64,79.58,161.7,686.7,0,Office,Robin,6099.7,Europe/London,0.9999429093400319
Robin_education_Jasper,17194,0.9801,1.99,166.98,23.48,95.6,249.7,0,Education,Robin,3462.0,Europe/London,0.9999429093400319
Lamb_education_Emery,17194,0.9801,1.99,36.68,34.39,0.0,148.9,15,Education,Lamb,10133.0,Europe/London,0.9998857142857143
Lamb_assembly_Elinor,17194,0.9801,1.99,20.54,20.62,0.0,108.7,0,Entertainment/public assembly,Lamb,4598.0,Europe/London,0.9998857142857143
Lamb_education_Lawrence,17194,0.9801,1.99,6.66,7.38,0.0,34.4,15,Education,Lamb,2143.0,Europe/London,0.9998857142857143
Robin_education_Derick,17194,0.9801,1.99,539.23,122.44,3.12,961.5,0,Education,Robin,13965.0,Europe/London,0.9999429093400319
Robin_office_Maryann,17194,0.9801,1.99,235.75,44.57,83.91,388.1,0,Office,Robin,3201.0,Europe/London,0.9999429093400319
Robin_education_Julius,17194,0.9801,1.99,350.96,104.62,117.2,719.4,0,Education,Robin,12850.0,Europe/London,0.9999429093400319
Eagle_education_Petra,17194,0.9801,1.99,66.49,7.69,47.0,102.0,0,Education,Eagle,2320.6,US/Eastern,0.9998289233576643
Robin_education_Della,17194,0.9801,1.99,2.97,2.79,0.0,12.0,99,Education,Robin,499.3,Europe/London,0.9999429093400319
Eagle_assembly_Candice,17194,0.9801,1.99,35.73,43.93,0.0,175.31,199,Entertainment/public assembly,Eagle,7867.8,US/Eastern,0.9998289233576643
Eagle_public_Missy,17194,0.9801,1.99,30.61,9.62,0.0,66.3,302,Public services,Eagle,1908.2,US/Eastern,0.9998289233576643
Eagle_education_Paul,17194,0.9801,1.99,25.09,12.32,0.0,61.02,2221,Education,Eagle,4008.1,US/Eastern,0.9998289233576643
Eagle_education_Shana,17194,0.9801,1.99,47.21,11.78,0.0,66.7,814,Education,Eagle,2359.8,US/Eastern,0.9998289233576643
Mouse_health_Estela,17194,0.9801,1.99,355.42,136.96,0.0,665.0,1308,Healthcare,Mouse,17193.0,Europe/London,0.9999429093400319
Mouse_science_Micheal,17194,0.9801,1.99,163.28,237.79,0.0,1000.0,10292,Technology/science,Mouse,5931.0,Europe/London,0.9999429093400319
Fox_education_Jacqueline,17193,0.98,2.0,55.4,82.35,0.0,283.64,6253,Education,Fox,11797.3,US/Mountain,0.9999429972068631
Eagle_office_Marisela,17193,0.98,2.0,133.2,42.14,0.0,276.2,833,Office,Eagle,8399.5,US/Eastern,0.9998289233576643
Fox_utility_Marian,17193,0.98,2.0,445.4,399.12,0.0,1702.55,2,Utility,Fox,2040.0,US/Mountain,0.9999429972068631
Eagle_public_Preston,17193,0.98,2.0,320.32,76.79,82.4,550.38,0,Public services,Eagle,25861.3,US/Eastern,0.9998289233576643
Eagle_education_Maragret,17193,0.98,2.0,22.12,4.44,10.0,38.0,0,Education,Eagle,1228.2,US/Eastern,0.9998289233576643
Fox_assembly_Bradley,17193,0.98,2.0,145.02,73.34,0.0,444.08,518,Entertainment/public assembly,Fox,75207.8,US/Mountain,0.9999429972068631
Wolf_office_Bobbie,17193,0.98,2.0,27.25,11.7,0.0,57.82,1,Office,Wolf,4691.0,Europe/Dublin,1.0
Wolf_office_Emanuel,17193,0.98,2.0,15.22,6.16,0.0,39.39,2,Office,Wolf,2005.0,Europe/Dublin,1.0
Wolf_education_Dolores,17193,0.98,2.0,34.56,18.91,0.0,92.8,3,Education,Wolf,6117.0,Europe/Dublin,1.0
Hog_office_Elke,17193,0.98,2.0,65.37,30.07,0.0,141.0,10,Office,Hog,9635.7,US/Central,0.9998859879147189
Fox_office_Essie,17193,0.98,2.0,32.83,32.86,0.0,145.94,18,Office,Fox,12244.3,US/Mountain,0.9999429972068631
Wolf_education_Katie,17193,0.98,2.0,26.87,11.25,0.0,67.16,1,Education,Wolf,2803.0,Europe/Dublin,1.0
Wolf_education_Miguel,17193,0.98,2.0,35.38,16.98,0.0,99.71,1,Education,Wolf,5403.0,Europe/Dublin,1.0
Wolf_education_Laurinda,17193,0.98,2.0,219.07,107.88,47.61,502.85,0,Education,Wolf,18706.0,Europe/Dublin,1.0
Wolf_education_Cheryl,17193,0.98,2.0,131.77,62.68,22.17,340.66,0,Education,Wolf,25605.0,Europe/Dublin,1.0
Wolf_education_Josefa,17193,0.98,2.0,8.03,5.13,0.0,24.82,1,Education,Wolf,750.0,Europe/Dublin,1.0
Wolf_retail_Toshia,17193,0.98,2.0,71.9,50.72,7.29,206.44,0,Retail,Wolf,4209.0,Europe/Dublin,1.0
Wolf_office_Darleen,17193,0.98,2.0,43.62,19.05,15.0,92.0,0,Office,Wolf,5036.0,Europe/Dublin,1.0
Wolf_office_Haydee,17193,0.98,2.0,8.23,5.3,0.0,26.14,1,Office,Wolf,1129.0,Europe/Dublin,1.0
Hog_office_Mari,17193,0.98,2.0,51.66,30.09,13.0,155.32,0,Office,Hog,6302.4,US/Central,0.9998859879147189
Hog_office_Marlene,17193,0.98,2.0,44.62,24.76,0.0,133.1,84,Office,Hog,7451.3,US/Central,0.9998859879147189
Hog_office_Corey,17193,0.98,2.0,117.38,43.21,0.0,277.0,69,Office,Hog,12033.9,US/Central,0.9998859879147189
Fox_education_Shaun,17193,0.98,2.0,68.68,43.24,0.0,287.15,2290,Education,Fox,6616.9,US/Mountain,0.9999429972068631
Eagle_education_Samantha,17193,0.98,2.0,270.04,28.78,142.53,400.95,0,Education,Eagle,12518.5,US/Eastern,0.9998289233576643
Fox_office_Brandy,17193,0.98,2.0,30.85,20.08,0.0,93.76,9,Office,Fox,3921.8,US/Mountain,0.9999429972068631
Fox_office_Karima,17193,0.98,2.0,71.54,39.08,5.28,137.74,0,Office,Fox,4806.1,US/Mountain,0.9999429972068631
Hog_office_Simon,17193,0.98,2.0,19.66,10.13,5.0,55.0,0,Office,Hog,2550.4,US/Central,0.9998859879147189
Hog_office_Catalina,17193,0.98,2.0,49.45,34.43,0.0,180.52,133,Office,Hog,4900.4,US/Central,0.9998859879147189
Fox_office_Thelma,17193,0.98,2.0,125.41,45.87,9.5,225.17,0,Office,Fox,11052.3,US/Mountain,0.9999429972068631
Hog_office_Randi,17191,0.9799,2.01,90.48,49.04,1.68,253.29,0,Office,Hog,8556.3,US/Central,0.9998859879147189
Fox_retail_Manie,17192,0.9799,2.01,64.82,26.77,0.0,118.37,14,Retail,Fox,4201.4,US/Mountain,0.9999429972068631
Bull_education_Kristal,17192,0.9799,2.01,407.63,40.06,228.0,537.0,0,Education,Bull,18853.5,US/Central,0.9981174054424097
Fox_office_Molly,17191,0.9799,2.01,6.82,4.67,0.0,23.52,14,Office,Fox,576.3,US/Mountain,0.9999429972068631
Bear_education_Darrell,17192,0.9799,2.01,38.93,25.96,12.06,101.4,0,Education,Bear,5234.4,US/Pacific,1.0
Bear_education_Owen,17192,0.9799,2.01,150.94,62.02,0.0,269.57,3,Education,Bear,17949.0,US/Pacific,1.0
Bear_public_Jocelyn,17192,0.9799,2.01,48.87,11.86,30.38,89.2,0,Public services,Bear,6382.5,US/Pacific,1.0
Wolf_education_Loren,17192,0.9799,2.01,232.55,83.14,0.0,453.87,1,Education,Wolf,12190.0,Europe/Dublin,1.0
Bear_public_Rayna,17192,0.9799,2.01,112.63,67.39,33.2,235.15,0,Public services,Bear,15469.7,US/Pacific,1.0
Bear_education_Shelley,17192,0.9799,2.01,163.66,56.8,83.75,306.5,0,Education,Bear,22378.8,US/Pacific,1.0
Bear_education_Wade,17192,0.9799,2.01,55.16,22.62,0.0,136.6,7,Education,Bear,10552.8,US/Pacific,1.0
Bear_public_Lowell,17191,0.9799,2.01,205.57,39.39,105.45,338.25,0,Public services,Bear,12299.8,US/Pacific,1.0
Bear_education_Marie,17192,0.9799,2.01,23.95,12.39,10.73,62.71,0,Education,Bear,4739.9,US/Pacific,1.0
Wolf_office_Rochelle,17191,0.9799,2.01,16.25,8.9,0.0,44.94,4,Office,Wolf,3115.0,Europe/Dublin,1.0
Fox_education_Shawanda,17192,0.9799,2.01,10.72,9.16,0.0,44.19,3,Education,Fox,960.1,US/Mountain,0.9999429972068631
Hog_assembly_Maribel,17192,0.9799,2.01,826.44,212.73,245.5,1444.0,0,Entertainment/public assembly,Hog,13306.3,US/Central,0.9998859879147189
Fox_education_Rosie,17191,0.9799,2.01,127.43,24.46,50.5,203.28,0,Education,Fox,8445.2,US/Mountain,0.9999429972068631
Hog_office_Leanne,17192,0.9799,2.01,132.6,23.81,58.18,201.84,0,Office,Hog,7646.1,US/Central,0.9998859879147189
Bear_public_Orville,17192,0.9799,2.01,37.1,20.73,9.5,91.8,0,Public services,Bear,2700.0,US/Pacific,1.0
Hog_office_Joey,17192,0.9799,2.01,1160.79,475.99,54.16,3043.11,0,Office,Hog,31275.8,US/Central,0.9998859879147189
Bear_education_Lila,17192,0.9799,2.01,214.95,42.75,136.45,304.05,0,Education,Bear,11483.9,US/Pacific,1.0
Wolf_office_Nadia,17191,0.9799,2.01,74.57,22.45,28.16,157.04,0,Office,Wolf,2745.0,Europe/Dublin,1.0
Wolf_education_Tammie,17192,0.9799,2.01,83.31,22.02,20.91,148.49,0,Education,Wolf,7836.0,Europe/Dublin,1.0
Fox_education_Stacia,17192,0.9799,2.01,77.58,7.59,4.85,97.81,0,Education,Fox,3134.5,US/Mountain,0.9999429972068631
Hog_education_Bruno,17192,0.9799,2.01,264.43,34.55,162.45,386.5,0,Education,Hog,13972.0,US/Central,0.9998859879147189
Fox_education_Elizabeth,17192,0.9799,2.01,419.38,205.07,0.0,852.91,2062,Education,Fox,25295.4,US/Mountain,0.9999429972068631
Fox_parking_Tommie,17191,0.9799,2.01,87.1,10.29,55.97,110.24,0,Parking,Fox,37633.4,US/Mountain,0.9999429972068631
Fox_assembly_Cathy,17192,0.9799,2.01,58.31,14.17,4.19,97.99,0,Entertainment/public assembly,Fox,13386.0,US/Mountain,0.9999429972068631
Fox_education_Gloria,17191,0.9799,2.01,664.03,40.82,495.04,800.45,0,Education,Fox,14087.5,US/Mountain,0.9999429972068631
Fox_assembly_Audrey,17192,0.9799,2.01,12.73,3.4,1.48,25.77,0,Entertainment/public assembly,Fox,1108.8,US/Mountain,0.9999429972068631
Bull_education_Delia,17189,0.9798,2.02,584.1,385.45,0.0,1598.0,5093,Education,Bull,28356.2,US/Central,0.9981174054424097
Bull_education_Lenny,17189,0.9798,2.02,35.66,7.44,7.0,66.0,0,Education,Bull,4294.9,US/Central,0.9981174054424097
Bear_education_Katy,17189,0.9798,2.02,121.79,36.86,41.8,253.8,0,Education,Bear,13752.6,US/Pacific,1.0
Wolf_education_Cody,17190,0.9798,2.02,22.81,20.34,0.0,94.41,14,Education,Wolf,2639.0,Europe/Dublin,1.0
Rat_office_Avis,17190,0.9798,2.02,871.97,299.34,0.0,1972.14,360,Office,Rat,44099.2,US/Eastern,0.9996579052397514
Hog_office_Patrick,17187,0.9797,2.03,10.59,3.98,3.65,26.33,0,Office,Hog,964.8,US/Central,0.9998859879147189
Bull_assembly_Lance,17187,0.9797,2.03,444.11,44.38,237.0,615.0,0,Entertainment/public assembly,Bull,24355.6,US/Central,0.9981174054424097
Bull_education_Carl,17185,0.9795,2.05,628.44,51.09,386.0,888.0,0,Education,Bull,25622.0,US/Central,0.9981174054424097
Panther_education_Sophia,17184,0.9795,2.05,116.66,54.24,0.0,180.03,2954,Education,Panther,4559.0,US/Eastern,0.999829001367989
Panther_lodging_Marisol,17184,0.9795,2.05,134.85,65.33,0.0,293.61,3028,Lodging/residential,Panther,18667.3,US/Eastern,0.999829001367989
Panther_office_Ruthie,17184,0.9795,2.05,96.47,47.79,0.0,172.03,3028,Office,Panther,4211.3,US/Eastern,0.999829001367989
Panther_education_Jerome,17184,0.9795,2.05,400.05,188.77,0.0,610.92,3027,Education,Panther,11974.0,US/Eastern,0.999829001367989
Panther_assembly_Gwyneth,17184,0.9795,2.05,196.37,98.18,0.0,462.49,3128,Entertainment/public assembly,Panther,7109.6,US/Eastern,0.999829001367989
Panther_retail_Romeo,17184,0.9795,2.05,357.18,173.92,0.0,610.91,3027,Retail,Panther,15027.5,US/Eastern,0.999829001367989
Bull_education_Dottie,17185,0.9795,2.05,1295.91,264.68,0.0,2617.0,305,Education,Bull,39822.6,US/Central,0.9981174054424097
Panther_lodging_Gale,17183,0.9794,2.06,85.69,41.81,0.0,160.03,3029,Lodging/residential,Panther,5499.9,US/Eastern,0.999829001367989
Panther_lodging_Kara,17182,0.9794,2.06,145.12,70.58,0.0,298.26,2998,Lodging/residential,Panther,18667.3,US/Eastern,0.999829001367989
Panther_office_Lauretta,17183,0.9794,2.06,142.43,69.58,0.0,258.29,3029,Office,Panther,3366.8,US/Eastern,0.999829001367989
Panther_other_Bettie,17182,0.9794,2.06,11.62,5.74,0.0,23.45,3027,Other,Panther,436.5,US/Eastern,0.999829001367989
Panther_education_Violet,17182,0.9794,2.06,124.18,60.28,0.0,229.8,2909,Education,Panther,730.9,US/Eastern,0.999829001367989
Panther_education_Hugh,17182,0.9794,2.06,496.14,231.57,0.0,694.81,3027,Education,Panther,10395.0,US/Eastern,0.999829001367989
Panther_assembly_Pamella,17182,0.9794,2.06,62.7,77.19,0.0,265.85,3384,Entertainment/public assembly,Panther,7556.5,US/Eastern,0.999829001367989
Panther_lodging_Cora,17183,0.9794,2.06,111.54,54.84,0.0,242.95,2991,Lodging/residential,Panther,17433.0,US/Eastern,0.999829001367989
Panther_office_Christin,17183,0.9794,2.06,12.9,18.37,0.0,69.26,3953,Office,Panther,1474.9,US/Eastern,0.999829001367989
Panther_lodging_Kirk,17182,0.9794,2.06,126.7,61.05,0.0,269.65,2732,Lodging/residential,Panther,18667.3,US/Eastern,0.999829001367989
Panther_education_Shelton,17182,0.9794,2.06,100.55,50.36,0.0,232.94,3029,Education,Panther,5649.3,US/Eastern,0.999829001367989
Bull_education_Jeffery,17183,0.9794,2.06,513.17,136.77,0.0,1029.0,1081,Education,Bull,2783.5,US/Central,0.9981174054424097
Panther_retail_Kristina,17183,0.9794,2.06,24.98,18.69,0.0,69.41,3361,Retail,Panther,5487.9,US/Eastern,0.999829001367989
Eagle_assembly_Lacy,17180,0.9793,2.07,118.33,25.85,0.0,204.76,328,Entertainment/public assembly,Eagle,15467.3,US/Eastern,0.9998289233576643
Bull_education_Arthur,17181,0.9793,2.07,405.69,49.36,175.0,568.0,0,Education,Bull,22083.2,US/Central,0.9981174054424097
Hog_education_Janell,17179,0.9792,2.08,3331.4,1057.4,0.0,7233.3,1,Education,Hog,26718.3,US/Central,0.9998859879147189
Fox_assembly_Boyce,17178,0.9791,2.09,337.73,104.15,0.0,716.14,308,Entertainment/public assembly,Fox,15520.9,US/Mountain,0.9999429972068631
Rat_education_Humberto,17173,0.9789,2.11,174.85,117.16,0.0,630.18,15,Education,Rat,9288.0,US/Eastern,0.9996579052397514
Bull_assembly_Nick,17173,0.9789,2.11,940.52,153.54,0.0,1784.0,98,Entertainment/public assembly,Bull,32032.8,US/Central,0.9981174054424097
Bull_education_Bernice,17173,0.9789,2.11,298.1,71.0,0.0,593.88,829,Education,Bull,14481.9,US/Central,0.9981174054424097
Fox_health_Lorena,17172,0.9788,2.12,41.13,11.99,0.0,85.23,10,Healthcare,Fox,3428.5,US/Mountain,0.9999429972068631
Bull_education_Antonia,17171,0.9787,2.13,472.07,99.6,0.0,917.0,139,Education,Bull,37099.0,US/Central,0.9981174054424097
Fox_education_Marcelina,17171,0.9787,2.13,3.66,3.27,0.0,20.71,71,Education,Fox,400.8,US/Mountain,0.9999429972068631
Bull_lodging_Travis,17170,0.9787,2.13,830.83,148.28,0.0,1560.0,158,Lodging/residential,Bull,69275.1,US/Central,0.9981174054424097
Bull_education_Dan,17168,0.9786,2.14,176.68,23.92,80.0,262.0,0,Education,Bull,11941.4,US/Central,0.9981174054424097
Bull_assembly_Brandon,17168,0.9786,2.14,76.74,16.54,11.0,142.0,0,Entertainment/public assembly,Bull,4140.1,US/Central,0.9981174054424097
Bull_education_Elva,17169,0.9786,2.14,58.86,9.4,14.0,98.0,0,Education,Bull,5631.9,US/Central,0.9981174054424097
Bull_public_Hyun,17168,0.9786,2.14,445.98,62.81,129.0,784.0,0,Public services,Bull,45791.7,US/Central,0.9981174054424097
Bull_education_Shona,17167,0.9785,2.15,189.44,12.97,0.0,373.0,50,Education,Bull,1352.8,US/Central,0.9981174054424097
Bull_assembly_Beau,17167,0.9785,2.15,499.88,183.57,0.0,1189.0,273,Entertainment/public assembly,Bull,46789.1,US/Central,0.9981174054424097
Rat_public_Nell,17166,0.9785,2.15,47.11,19.89,4.0,108.29,0,Public services,Rat,4754.4,US/Eastern,0.9996579052397514
Rat_education_Elsie,17166,0.9785,2.15,103.89,190.38,0.0,736.75,33,Education,Rat,34978.6,US/Eastern,0.9996579052397514
Rat_retail_Jeffrey,17167,0.9785,2.15,73.82,33.93,0.08,177.86,0,Retail,Rat,1532.9,US/Eastern,0.9996579052397514
Bull_education_Jae,17167,0.9785,2.15,531.37,45.95,338.0,711.0,0,Education,Bull,16463.9,US/Central,0.9981174054424097
Rat_public_Tammara,17166,0.9785,2.15,7.16,4.25,0.0,20.9,1,Public services,Rat,457.5,US/Eastern,0.9996579052397514
Hog_education_Odell,17166,0.9785,2.15,529.22,50.07,356.82,719.02,0,Education,Hog,14537.7,US/Central,0.9998859879147189
Rat_assembly_Dovie,17166,0.9785,2.15,22.95,10.84,0.26,64.39,0,Entertainment/public assembly,Rat,1481.8,US/Eastern,0.9996579052397514
Rat_public_Julieann,17166,0.9785,2.15,4.22,4.7,0.0,12.84,40,Public services,Rat,402.8,US/Eastern,0.9996579052397514
Rat_assembly_Lillie,17166,0.9785,2.15,12.84,16.21,0.0,71.43,16,Entertainment/public assembly,Rat,171.2,US/Eastern,0.9996579052397514
Rat_assembly_Kelley,17166,0.9785,2.15,2.59,1.59,0.0,8.04,127,Entertainment/public assembly,Rat,83.4,US/Eastern,0.9996579052397514
Rat_public_Neil,17166,0.9785,2.15,23.53,12.41,0.0,65.93,15,Public services,Rat,1325.6,US/Eastern,0.9996579052397514
Rat_assembly_Rolland,17166,0.9785,2.15,39.07,24.37,0.0,156.67,4,Entertainment/public assembly,Rat,662.7,US/Eastern,0.9996579052397514
Rat_assembly_Michel,17166,0.9785,2.15,14.35,10.32,1.92,35.61,0,Entertainment/public assembly,Rat,713.0,US/Eastern,0.9996579052397514
Rat_assembly_Pam,17166,0.9785,2.15,7.91,8.61,0.0,35.72,32,Entertainment/public assembly,Rat,516.0,US/Eastern,0.9996579052397514
Rat_assembly_Kristy,17166,0.9785,2.15,48.37,37.06,0.0,149.71,21,Entertainment/public assembly,Rat,1082.4,US/Eastern,0.9996579052397514
Rat_public_Caroline,17166,0.9785,2.15,147.45,41.47,9.88,244.92,0,Public services,Rat,4407.2,US/Eastern,0.9996579052397514
Rat_lodging_Dwight,17165,0.9784,2.16,23.14,11.56,0.0,65.64,5,Lodging/residential,Rat,1432.6,US/Eastern,0.9996579052397514
Bull_services_Juanita,17165,0.9784,2.16,126.43,21.88,0.0,211.0,88,Services,Bull,44779.2,US/Central,0.9981174054424097
Bull_public_Jefferson,17165,0.9784,2.16,37.27,12.47,0.0,70.0,274,Public services,Bull,6015.4,US/Central,0.9981174054424097
Rat_public_Duane,17165,0.9784,2.16,75.09,46.55,1.95,217.53,0,Public services,Rat,10431.4,US/Eastern,0.9996579052397514
Bull_education_Miranda,17164,0.9783,2.17,166.91,22.61,76.0,256.0,0,Education,Bull,10008.4,US/Central,0.9981174054424097
Bull_lodging_Abby,17163,0.9783,2.17,13.3,1.98,2.0,23.5,0,Lodging/residential,Bull,1054.4,US/Central,0.9981174054424097
Bull_education_Geneva,17164,0.9783,2.17,29.18,12.37,0.0,61.0,409,Education,Bull,2321.8,US/Central,0.9981174054424097
Bull_office_Anne,17163,0.9783,2.17,20.73,2.44,11.0,30.0,0,Office,Bull,1499.0,US/Central,0.9981174054424097
Bull_assembly_Dorethea,17163,0.9783,2.17,19.01,6.44,0.0,39.0,228,Entertainment/public assembly,Bull,3234.8,US/Central,0.9981174054424097
Bull_education_Barry,17164,0.9783,2.17,995.9,59.56,193.0,1775.0,0,Education,Bull,18440.1,US/Central,0.9981174054424097
Hog_office_Cornell,17162,0.9782,2.18,1421.33,415.89,106.7,2966.22,0,Office,Hog,62385.0,US/Central,0.9998859879147189
Bull_education_Violeta,17162,0.9782,2.18,126.49,87.26,0.0,479.0,348,Education,Bull,10330.3,US/Central,0.9981174054424097
Bull_education_Roseann,17159,0.9781,2.19,250.47,27.23,0.0,493.0,45,Education,Bull,10241.2,US/Central,0.9981174054424097
Bull_lodging_Danielle,17160,0.9781,2.19,25.8,8.93,0.0,51.0,1265,Lodging/residential,Bull,4188.6,US/Central,0.9981174054424097
Bull_office_Hilton,17160,0.9781,2.19,6.51,1.22,0.0,12.0,95,Office,Bull,743.6,US/Central,0.9981174054424097
Hog_lodging_Retha,17156,0.9779,2.21,359.06,59.93,134.63,589.69,0,Lodging/residential,Hog,17389.0,US/Central,0.9998859879147189
Rat_public_Kathleen,17155,0.9778,2.22,27.94,8.74,14.43,62.52,0,Public services,Rat,1114.8,US/Eastern,0.9996579052397514
Bear_education_Santos,17155,0.9778,2.22,8.0,7.52,1.6,32.0,0,Education,Bear,1349.3,US/Pacific,1.0
Bear_education_Irene,17155,0.9778,2.22,86.92,31.09,46.6,177.75,0,Education,Bear,2415.1,US/Pacific,1.0
Bear_education_Lewis,17155,0.9778,2.22,23.45,9.7,12.0,56.25,0,Education,Bear,4588.3,US/Pacific,1.0
Bear_lodging_Evan,17155,0.9778,2.22,175.58,48.4,94.25,287.0,0,Lodging/residential,Bear,17205.6,US/Pacific,1.0
Fox_assembly_Carlos,17155,0.9778,2.22,108.24,43.94,0.0,294.47,3,Entertainment/public assembly,Fox,6706.9,US/Mountain,0.9999429972068631
Bull_assembly_Nathanial,17153,0.9777,2.23,214.05,44.94,0.0,363.0,183,Entertainment/public assembly,Bull,23436.5,US/Central,0.9981174054424097
Rat_office_Mei,17153,0.9777,2.23,20.44,5.31,8.43,43.41,0,Office,Rat,743.2,US/Eastern,0.9996579052397514
Rat_education_Dreama,17151,0.9776,2.24,92.36,25.3,0.0,171.38,1,Education,Rat,9801.3,US/Eastern,0.9996579052397514
Fox_education_Virginia,17150,0.9775,2.25,9.41,6.42,0.0,36.05,6,Education,Fox,1186.7,US/Mountain,0.9999429972068631
Rat_education_Alfred,17145,0.9773,2.27,359.99,166.46,0.0,872.62,8,Education,Rat,19230.9,US/Eastern,0.9996579052397514
Rat_assembly_Jennie,17144,0.9772,2.28,2.44,2.1,0.0,9.92,205,Entertainment/public assembly,Rat,192.0,US/Eastern,0.9996579052397514
Rat_other_Lan,17144,0.9772,2.28,13.82,1.78,2.16,22.08,0,Other,Rat,999.8,US/Eastern,0.9996579052397514
Bear_education_Mara,17144,0.9772,2.28,506.51,37.96,378.35,636.25,0,Education,Bear,11903.3,US/Pacific,1.0
Rat_public_Stacey,17143,0.9771,2.29,15.94,6.7,6.49,35.75,0,Public services,Rat,8297.6,US/Eastern,0.9996579052397514
Rat_public_Corinne,17143,0.9771,2.29,24.91,9.89,1.1,50.41,0,Public services,Rat,2311.0,US/Eastern,0.9996579052397514
Rat_public_Michelle,17143,0.9771,2.29,67.65,36.32,0.0,181.35,3,Public services,Rat,3254.7,US/Eastern,0.9996579052397514
Rat_assembly_Silvia,17143,0.9771,2.29,10.92,5.52,0.73,32.83,0,Entertainment/public assembly,Rat,172.6,US/Eastern,0.9996579052397514
Rat_education_Cinthia,17143,0.9771,2.29,22.31,27.03,0.0,128.75,5481,Education,Rat,6438.2,US/Eastern,0.9996579052397514
Rat_assembly_Erwin,17143,0.9771,2.29,15.92,10.57,0.04,62.32,0,Entertainment/public assembly,Rat,218.0,US/Eastern,0.9996579052397514
Rat_education_Imelda,17142,0.9771,2.29,2.86,0.49,2.0,4.29,0,Education,Rat,3669.7,US/Eastern,0.9996579052397514
Rat_public_Vickie,17143,0.9771,2.29,43.28,36.63,0.0,133.53,5,Public services,Rat,836.1,US/Eastern,0.9996579052397514
Rat_office_Annis,17143,0.9771,2.29,32.62,10.74,7.01,62.91,0,Office,Rat,594.6,US/Eastern,0.9996579052397514
Lamb_education_Renae,17140,0.977,2.3,1.51,4.26,0.0,14.9,15227,Education,Lamb,6993.0,Europe/London,0.9998857142857143
Rat_assembly_Jamie,17138,0.9769,2.31,27.36,19.52,0.0,108.33,1,Entertainment/public assembly,Rat,1047.4,US/Eastern,0.9996579052397514
Bear_education_Benita,17139,0.9769,2.31,521.54,59.09,279.38,732.04,0,Education,Bear,13142.2,US/Pacific,1.0
Rat_public_Chrissy,17139,0.9769,2.31,55.73,15.65,0.0,127.34,4,Public services,Rat,2043.9,US/Eastern,0.9996579052397514
Mouse_health_Buddy,17134,0.9766,2.34,5.87,8.3,0.0,17.64,11417,Healthcare,Mouse,1749.0,Europe/London,0.9999429093400319
Bear_science_Eleanor,17133,0.9766,2.34,35.42,12.43,11.82,80.4,0,Technology/science,Bear,3081.3,US/Pacific,1.0
Fox_warehouse_Lorretta,17130,0.9764,2.36,14.25,22.6,0.0,139.75,689,Warehouse/storage,Fox,360.2,US/Mountain,0.9999429972068631
Rat_education_Yu,17129,0.9763,2.37,79.93,27.12,0.0,200.63,216,Education,Rat,2034.9,US/Eastern,0.9996579052397514
Rat_lodging_Lucille,17125,0.9761,2.39,1.68,2.06,0.0,8.2,7028,Lodging/residential,Rat,205.3,US/Eastern,0.9996579052397514
Hog_office_Carri,17122,0.9759,2.41,33.93,11.12,10.73,75.51,0,Office,Hog,2365.6,US/Central,0.9998859879147189
Hog_education_Caridad,17122,0.9759,2.41,1338.2,582.51,532.44,3559.99,0,Education,Hog,24153.8,US/Central,0.9998859879147189
Bear_education_Chun,17122,0.9759,2.41,98.8,25.73,50.09,206.43,0,Education,Bear,4292.5,US/Pacific,1.0
Rat_assembly_Jannie,17119,0.9758,2.42,0.61,2.0,0.0,13.8,4,Entertainment/public assembly,Rat,18051.1,US/Eastern,0.9996579052397514
Rat_assembly_Pauline,17119,0.9758,2.42,1.61,1.49,0.0,8.16,430,Entertainment/public assembly,Rat,90.0,US/Eastern,0.9996579052397514
Rat_lodging_Lorenzo,17119,0.9758,2.42,2.81,1.61,0.0,7.08,100,Lodging/residential,Rat,239.9,US/Eastern,0.9996579052397514
Rat_warehouse_Breanna,17119,0.9758,2.42,92.14,24.01,34.25,140.2,0,Warehouse/storage,Rat,4795.8,US/Eastern,0.9996579052397514
Rat_public_Courtney,17119,0.9758,2.42,29.95,12.25,12.49,68.82,0,Public services,Rat,1665.5,US/Eastern,0.9996579052397514
Rat_education_Barbara,17119,0.9758,2.42,1.41,1.31,0.0,3.57,1139,Education,Rat,20903.2,US/Eastern,0.9996579052397514
Hog_office_Nia,17114,0.9755,2.45,1782.69,856.0,456.3,4419.38,0,Office,Hog,53614.4,US/Central,0.9998859879147189
Rat_public_Toya,17103,0.9749,2.51,25.57,13.13,4.81,78.48,0,Public services,Rat,1557.8,US/Eastern,0.9996579052397514
Bull_assembly_Newton,17103,0.9749,2.51,3.32,2.22,0.0,12.0,1704,Entertainment/public assembly,Bull,527.9,US/Central,0.9981174054424097
Wolf_assembly_Sallie,17102,0.9748,2.52,262.18,85.53,39.9,453.01,0,Entertainment/public assembly,Wolf,10794.0,Europe/Dublin,1.0
Rat_lodging_Lakisha,17096,0.9745,2.55,0.36,0.67,0.0,2.76,4022,Lodging/residential,Rat,673.5,US/Eastern,0.9996579052397514
Rat_public_Faye,17096,0.9745,2.55,30.46,11.98,9.52,66.87,0,Public services,Rat,1712.4,US/Eastern,0.9996579052397514
Bull_education_Clarita,17097,0.9745,2.55,332.32,67.25,0.0,553.0,445,Education,Bull,18546.0,US/Central,0.9981174054424097
Rat_education_Milagros,17085,0.9738,2.62,110.32,47.61,0.0,300.56,4,Education,Rat,9262.4,US/Eastern,0.9996579052397514
Fox_education_Suzan,17082,0.9737,2.63,39.34,12.7,0.0,100.05,1,Education,Fox,4559.5,US/Mountain,0.9999429972068631
Rat_public_Muriel,17079,0.9735,2.65,77.24,45.69,0.06,327.27,0,Public services,Rat,3134.8,US/Eastern,0.9996579052397514
Bear_education_Millie,17077,0.9734,2.66,3.4,0.59,2.12,5.63,0,Education,Bear,661.7,US/Pacific,1.0
Hog_office_Sonny,17077,0.9734,2.66,243.35,53.66,89.18,433.24,0,Office,Hog,5837.7,US/Central,0.9998859879147189
Hog_office_Byron,17075,0.9733,2.67,960.18,180.84,371.78,1483.78,0,Office,Hog,80038.2,US/Central,0.9998859879147189
Rat_public_Frank,17073,0.9732,2.68,7.65,4.52,0.0,21.6,2,Public services,Rat,425.6,US/Eastern,0.9996579052397514
Rat_education_Zina,17072,0.9731,2.69,47.23,24.43,14.42,135.84,0,Education,Rat,5304.8,US/Eastern,0.9996579052397514
Eagle_assembly_Josie,17064,0.9726,2.74,189.09,69.45,0.0,396.03,48,Entertainment/public assembly,Eagle,6827.3,US/Eastern,0.9998289233576643
Hog_office_Buford,17061,0.9725,2.75,1.48,0.56,0.0,3.91,32,Office,Hog,2521.9,US/Central,0.9998859879147189
Rat_public_Kermit,17059,0.9724,2.76,17.72,11.08,0.05,61.57,0,Public services,Rat,2322.6,US/Eastern,0.9996579052397514
Rat_education_Maricela,17057,0.9722,2.78,143.92,57.9,0.0,315.13,14,Education,Rat,6466.0,US/Eastern,0.9996579052397514
Hog_warehouse_Rosanna,17052,0.972,2.8,20.46,5.3,6.94,47.37,0,Warehouse/storage,Hog,981.0,US/Central,0.9998859879147189
Panther_office_Brent,17052,0.972,2.8,11.11,8.27,0.0,42.17,3379,Office,Panther,998.1,US/Eastern,0.999829001367989
Fox_education_Shirley,17050,0.9718,2.82,96.77,32.41,0.0,242.55,4,Education,Fox,8220.6,US/Mountain,0.9999429972068631
Bear_assembly_Genia,17030,0.9707,2.93,255.64,70.81,151.32,509.49,0,Entertainment/public assembly,Bear,24256.1,US/Pacific,1.0
Bull_assembly_Maren,17030,0.9707,2.93,287.82,81.52,0.0,594.0,881,Entertainment/public assembly,Bull,11345.5,US/Central,0.9981174054424097
Rat_assembly_Donny,17030,0.9707,2.93,2.42,1.77,0.0,11.48,162,Entertainment/public assembly,Rat,102.4,US/Eastern,0.9996579052397514
Rat_public_Laura,17018,0.97,3.0,12.79,3.67,6.4,25.88,0,Public services,Rat,1184.5,US/Eastern,0.9996579052397514
Gator_assembly_Blanca,17014,0.9698,3.02,726.01,244.79,0.04,1699.88,0,Entertainment/public assembly,Gator,8573.8,US/Eastern,0.999829001367989
Fox_office_Juana,17010,0.9696,3.04,18.15,7.91,0.0,50.63,2,Office,Fox,2671.0,US/Mountain,0.9999429972068631
Bear_education_Bonita,16990,0.9684,3.16,0.18,0.1,0.08,0.57,0,Education,Bear,389.2,US/Pacific,1.0
Hog_assembly_Letha,16970,0.9673,3.27,609.93,103.51,274.45,1033.46,0,Entertainment/public assembly,Hog,50664.7,US/Central,0.9998859879147189
Rat_education_Pat,16967,0.9671,3.29,152.48,85.09,0.0,532.86,4,Education,Rat,13461.6,US/Eastern,0.9996579052397514
Gator_assembly_Enid,16966,0.9671,3.29,7.85,2.39,0.0,16.04,24,Entertainment/public assembly,Gator,499.8,US/Eastern,0.999829001367989
Gator_assembly_Marjorie,16966,0.9671,3.29,49.0,15.97,3.79,97.92,0,Entertainment/public assembly,Gator,1599.8,US/Eastern,0.999829001367989
Gator_public_Randall,16966,0.9671,3.29,60.54,20.82,1.12,105.54,0,Public services,Gator,1806.6,US/Eastern,0.999829001367989
Bear_education_Deena,16964,0.9669,3.31,8.68,3.12,3.25,19.25,0,Education,Bear,1716.3,US/Pacific,1.0
Hog_office_Sung,16955,0.9664,3.36,46.61,10.83,18.54,87.45,0,Office,Hog,3328.6,US/Central,0.9998859879147189
Gator_other_Gertrude,16942,0.9657,3.43,2.32,1.4,0.0,6.33,263,Other,Gator,237.4,US/Eastern,0.999829001367989
Gator_public_Kenny,16942,0.9657,3.43,89.11,36.82,0.0,174.34,24,Public services,Gator,1540.7,US/Eastern,0.999829001367989
Panther_other_Lucina,16940,0.9656,3.44,304.82,146.82,0.0,477.89,3036,Other,Panther,21043.1,US/Eastern,0.999829001367989
Rat_education_Vicky,16933,0.9652,3.48,185.84,72.49,0.0,390.49,79,Education,Rat,18004.6,US/Eastern,0.9996579052397514
Rat_assembly_Teodoro,16928,0.9649,3.51,26.39,12.64,0.0,68.2,134,Entertainment/public assembly,Rat,1645.2,US/Eastern,0.9996579052397514
Rat_education_Leonardo,16927,0.9648,3.52,48.31,28.2,0.0,147.57,6,Education,Rat,4385.0,US/Eastern,0.9996579052397514
Moose_education_Diane,16919,0.9644,3.56,864.44,746.8,0.0,1999.72,7114,Education,Moose,16999.9,US/Eastern,1.0
Gator_public_Beulah,16918,0.9643,3.57,7.52,2.38,0.29,13.75,0,Public services,Gator,338.9,US/Eastern,0.999829001367989
Gator_public_Leroy,16918,0.9643,3.57,21.08,7.99,0.96,45.58,0,Public services,Gator,758.8,US/Eastern,0.999829001367989
Panther_assembly_David,16909,0.9638,3.62,53.44,35.54,0.0,239.05,3351,Entertainment/public assembly,Panther,2503.2,US/Eastern,0.999829001367989
Fox_assembly_Kathie,16906,0.9636,3.64,11.36,6.38,0.0,43.22,9,Entertainment/public assembly,Fox,1466.6,US/Mountain,0.9999429972068631
Bull_assembly_Katia,16874,0.9618,3.82,111.49,61.49,0.0,453.0,930,Entertainment/public assembly,Bull,6142.8,US/Central,0.9981174054424097
Gator_public_Alexandra,16871,0.9616,3.84,23.48,11.3,0.0,58.75,144,Public services,Gator,3088.7,US/Eastern,0.999829001367989
Gator_other_Elfriede,16870,0.9616,3.84,49.28,31.08,0.92,183.5,0,Other,Gator,2665.7,US/Eastern,0.999829001367989
Panther_education_Karri,16867,0.9614,3.86,317.52,157.76,0.0,727.34,2969,Education,Panther,5076.6,US/Eastern,0.999829001367989
Gator_warehouse_Constance,16846,0.9602,3.98,14.26,7.14,0.0,35.0,168,Warehouse/storage,Gator,1404.7,US/Eastern,0.999829001367989
Gator_public_Marcie,16846,0.9602,3.98,93.17,31.75,2.33,190.0,0,Public services,Gator,3275.1,US/Eastern,0.999829001367989
Gator_other_Cassandra,16846,0.9602,3.98,23.81,13.42,0.0,76.39,24,Other,Gator,2567.8,US/Eastern,0.999829001367989
Gator_public_Marissa,16846,0.9602,3.98,14.17,3.7,1.17,25.0,0,Public services,Gator,371.6,US/Eastern,0.999829001367989
Gator_public_Jayme,16846,0.9602,3.98,96.58,28.19,3.08,216.08,0,Public services,Gator,1549.8,US/Eastern,0.999829001367989
Rat_assembly_Kristine,16824,0.959,4.1,23.05,6.55,0.0,47.3,7,Entertainment/public assembly,Rat,3673.5,US/Eastern,0.9996579052397514
Gator_office_Merle,16822,0.9588,4.12,1.16,0.69,0.0,3.21,1775,Office,Gator,794.5,US/Eastern,0.999829001367989
Panther_education_Genevieve,16814,0.9584,4.16,215.58,105.03,0.0,445.99,3035,Education,Panther,12159.6,US/Eastern,0.999829001367989
Wolf_assembly_Elaine,16808,0.958,4.2,35.41,19.44,0.0,137.9,2,Entertainment/public assembly,Wolf,6671.0,Europe/Dublin,1.0
Bear_education_Fannie,16770,0.9559,4.41,427.87,53.66,227.0,606.5,0,Education,Bear,10788.0,US/Pacific,1.0
Bear_education_Arnold,16769,0.9558,4.42,0.51,0.25,0.0,1.85,5,Education,Bear,186.7,US/Pacific,1.0
Hog_office_Catharine,16745,0.9545,4.55,428.99,111.14,171.53,931.18,0,Office,Hog,11042.3,US/Central,0.9998859879147189
Rat_assembly_Gerald,16743,0.9543,4.57,3.44,3.11,0.0,15.12,536,Entertainment/public assembly,Rat,615.5,US/Eastern,0.9996579052397514
Gator_assembly_Bailey,16726,0.9534,4.66,0.91,0.67,0.0,2.42,600,Entertainment/public assembly,Gator,34.0,US/Eastern,0.999829001367989
Bear_assembly_Roxy,16725,0.9533,4.67,14.9,8.9,0.0,57.5,1,Entertainment/public assembly,Bear,1106.5,US/Pacific,1.0
Rat_education_Francisca,16719,0.953,4.7,33.42,28.03,2.34,119.32,0,Education,Rat,6605.4,US/Eastern,0.9996579052397514
Bull_assembly_Daryl,16714,0.9527,4.73,33.56,15.84,0.0,140.0,378,Entertainment/public assembly,Bull,1491.3,US/Central,0.9981174054424097
Gator_office_Julie,16702,0.952,4.8,7.79,3.06,0.0,15.33,312,Office,Gator,527.7,US/Eastern,0.999829001367989
Rat_warehouse_Maegan,16657,0.9494,5.06,6.91,2.03,1.44,13.53,0,Warehouse/storage,Rat,1378.6,US/Eastern,0.9996579052397514
Gator_assembly_Alexa,16654,0.9493,5.07,0.25,0.2,0.0,0.83,4248,Entertainment/public assembly,Gator,61.9,US/Eastern,0.999829001367989
Rat_public_Sana,16604,0.9464,5.36,992.29,544.22,0.0,1843.2,1511,Public services,Rat,37161.2,US/Eastern,0.9996579052397514
Gator_public_Cheri,16604,0.9464,5.36,16.91,4.53,0.0,35.5,24,Public services,Gator,945.2,US/Eastern,0.999829001367989
Gator_assembly_Kimberly,16604,0.9464,5.36,1461.33,398.25,0.12,2784.08,0,Entertainment/public assembly,Gator,81290.1,US/Eastern,0.999829001367989
Rat_public_Fredrick,16602,0.9463,5.37,12.6,8.63,3.68,42.44,0,Public services,Rat,1202.6,US/Eastern,0.9996579052397514
Gator_assembly_Loyce,16557,0.9437,5.63,21.25,4.49,3.58,38.21,0,Entertainment/public assembly,Gator,377.7,US/Eastern,0.999829001367989
Gator_assembly_Maurine,16557,0.9437,5.63,10.93,11.85,0.0,49.67,24,Entertainment/public assembly,Gator,278.7,US/Eastern,0.999829001367989
Crow_education_Winston,16536,0.9425,5.75,315.74,124.8,9.5,658.5,0,Education,Crow,8659.1,US/Eastern,1.0
Gator_assembly_Lera,16533,0.9424,5.76,0.25,0.37,0.0,1.58,7487,Entertainment/public assembly,Gator,91.4,US/Eastern,0.999829001367989
Gator_public_Everette,16510,0.9411,5.89,100.29,38.09,0.0,226.58,48,Public services,Gator,1841.6,US/Eastern,0.999829001367989
Bobcat_lodging_Nickolas,16500,0.9405,5.95,47.31,10.55,6.5,94.0,0,Lodging/residential,Bobcat,4834.1,US/Mountain,0.9982310984308131
Bobcat_lodging_Melaine,16492,0.94,6.0,42.58,8.76,6.13,80.63,0,Lodging/residential,Bobcat,3294.8,US/Mountain,0.9982310984308131
Gator_assembly_Selma,16486,0.9397,6.03,1.38,1.03,0.0,6.33,552,Entertainment/public assembly,Gator,274.6,US/Eastern,0.999829001367989
Gator_assembly_Virgie,16486,0.9397,6.03,0.4,0.1,0.08,0.71,0,Entertainment/public assembly,Gator,44.7,US/Eastern,0.999829001367989
Gator_public_Lindsey,16463,0.9384,6.16,25.73,6.94,0.0,58.33,48,Public services,Gator,458.4,US/Eastern,0.999829001367989
Gator_public_Dionna,16462,0.9383,6.17,17.82,5.23,0.0,38.33,24,Public services,Gator,945.2,US/Eastern,0.999829001367989
Bobcat_lodging_Darin,16457,0.938,6.2,130.81,33.6,0.5,275.5,0,Lodging/residential,Bobcat,8220.1,US/Mountain,0.9982310984308131
Bobcat_education_Angela,16430,0.9365,6.35,85.03,23.63,12.0,184.13,0,Education,Bobcat,8802.7,US/Mountain,0.9982310984308131
Bobcat_office_Alma,16428,0.9364,6.36,4.33,1.81,0.0,11.0,180,Office,Bobcat,1060.9,US/Mountain,0.9982310984308131
Gator_public_Natasha,16415,0.9356,6.44,124.59,66.93,3.75,469.17,0,Public services,Gator,6123.5,US/Eastern,0.999829001367989
Gator_assembly_Lelia,16391,0.9343,6.57,3.51,1.78,0.0,9.58,24,Entertainment/public assembly,Gator,297.3,US/Eastern,0.999829001367989
Fox_assembly_Jerrod,16378,0.9335,6.65,1.41,0.56,0.0,3.6,71,Entertainment/public assembly,Fox,94.9,US/Mountain,0.9999429972068631
Gator_office_Lucy,16366,0.9329,6.71,210.46,192.14,0.0,837.17,360,Office,Gator,16315.4,US/Eastern,0.999829001367989
Gator_public_Noe,16366,0.9329,6.71,56.05,19.62,0.0,115.04,72,Public services,Gator,2462.6,US/Eastern,0.999829001367989
Gator_assembly_Lilli,16366,0.9329,6.71,2.58,0.8,0.29,5.0,0,Entertainment/public assembly,Gator,60.2,US/Eastern,0.999829001367989
Rat_education_Conrad,16343,0.9315,6.85,162.24,144.55,0.0,582.45,51,Education,Rat,33073.5,US/Eastern,0.9996579052397514
Gator_assembly_Roy,16323,0.9304,6.96,1.97,4.74,0.0,22.92,11496,Entertainment/public assembly,Gator,2461.5,US/Eastern,0.999829001367989
Gator_assembly_Joni,16321,0.9303,6.97,3.72,2.61,0.08,17.42,0,Entertainment/public assembly,Gator,346.4,US/Eastern,0.999829001367989
Gator_public_Dale,16318,0.9301,6.99,41.92,14.54,0.0,107.08,24,Public services,Gator,1710.7,US/Eastern,0.999829001367989
Gator_public_Clara,16294,0.9288,7.12,11.94,4.71,0.04,24.29,0,Public services,Gator,523.0,US/Eastern,0.999829001367989
Gator_public_Latasha,16295,0.9288,7.12,19.07,5.78,0.0,41.67,168,Public services,Gator,677.4,US/Eastern,0.999829001367989
Crow_education_Omer,16278,0.9278,7.22,337.36,116.36,159.0,798.5,0,Education,Crow,11857.4,US/Eastern,1.0
Gator_office_Betty,16270,0.9274,7.26,30.68,9.25,0.25,68.58,0,Office,Gator,542.5,US/Eastern,0.999829001367989
Gator_public_Geraldine,16270,0.9274,7.26,21.04,6.09,0.0,39.67,24,Public services,Gator,1003.4,US/Eastern,0.999829001367989
Crow_education_Keisha,16271,0.9274,7.26,295.8,51.57,75.75,462.38,0,Education,Crow,14173.2,US/Eastern,1.0
Gator_warehouse_Stacie,16246,0.926,7.4,19.62,6.48,0.0,45.0,24,Warehouse/storage,Gator,1475.2,US/Eastern,0.999829001367989
Gator_public_Philip,16223,0.9247,7.53,2.59,1.3,0.0,6.75,96,Public services,Gator,406.1,US/Eastern,0.999829001367989
Eagle_education_Jewell,16207,0.9238,7.62,241.35,38.67,0.0,468.99,162,Education,Eagle,16845.9,US/Eastern,0.9998289233576643
Gator_public_Lona,16198,0.9233,7.67,1.47,0.92,0.0,5.04,312,Public services,Gator,599.0,US/Eastern,0.999829001367989
Bobcat_education_Coleman,16176,0.922,7.8,121.59,44.69,0.0,318.5,20,Education,Bobcat,10551.9,US/Mountain,0.9982310984308131
Gator_public_Dewey,16157,0.9209,7.91,6.46,1.29,0.5,9.71,0,Public services,Gator,333.7,US/Eastern,0.999829001367989
Gator_assembly_Gene,16150,0.9205,7.95,22.51,7.97,0.0,37.92,168,Entertainment/public assembly,Gator,864.3,US/Eastern,0.999829001367989
Gator_other_Reginald,16150,0.9205,7.95,54.48,19.34,0.0,110.83,96,Other,Gator,3889.0,US/Eastern,0.999829001367989
Gator_other_Glen,16128,0.9193,8.07,2.94,0.93,0.25,6.79,0,Other,Gator,1138.9,US/Eastern,0.999829001367989
Gator_assembly_Lucia,16127,0.9192,8.08,5.72,1.88,0.0,11.67,216,Entertainment/public assembly,Gator,70.1,US/Eastern,0.999829001367989
Panther_other_Tyrone,16119,0.9188,8.12,23.27,12.96,0.0,55.98,1960,Other,Panther,889.0,US/Eastern,0.999829001367989
Cockatoo_lodging_Eric,16119,0.9188,8.12,19.21,7.21,5.03,41.58,0,Lodging/residential,Cockatoo,3830.9,US/Eastern,0.9998821796759941
Cockatoo_lodging_Kyle,16119,0.9188,8.12,232.16,61.79,113.12,402.15,0,Lodging/residential,Cockatoo,13275.9,US/Eastern,0.9998821796759941
Cockatoo_office_Delores,16119,0.9188,8.12,72.64,15.8,46.17,125.95,0,Office,Cockatoo,7861.0,US/Eastern,0.9998821796759941
Cockatoo_education_Sheryl,16119,0.9188,8.12,471.41,50.98,296.85,623.55,0,Education,Cockatoo,14927.0,US/Eastern,0.9998821796759941
Cockatoo_lodging_Lynne,16119,0.9188,8.12,127.35,34.56,58.62,241.15,0,Lodging/residential,Cockatoo,12683.3,US/Eastern,0.9998821796759941
Cockatoo_education_Joel,16119,0.9188,8.12,6.08,1.37,3.4,11.22,0,Education,Cockatoo,887.4,US/Eastern,0.9998821796759941
Cockatoo_education_Julio,16119,0.9188,8.12,173.88,21.53,89.05,241.53,0,Education,Cockatoo,9116.1,US/Eastern,0.9998821796759941
Cockatoo_lodging_Jim,16119,0.9188,8.12,50.95,8.17,21.2,78.9,0,Lodging/residential,Cockatoo,6131.5,US/Eastern,0.9998821796759941
Cockatoo_office_Rodney,16119,0.9188,8.12,131.37,38.57,67.05,247.75,0,Office,Cockatoo,4364.7,US/Eastern,0.9998821796759941
Cockatoo_religion_Diedre,16119,0.9188,8.12,5.86,3.27,0.68,16.25,0,Religious worship,Cockatoo,2062.5,US/Eastern,0.9998821796759941
Cockatoo_lodging_Javier,16119,0.9188,8.12,93.56,22.44,44.15,175.82,0,Lodging/residential,Cockatoo,12411.3,US/Eastern,0.9998821796759941
Cockatoo_lodging_Olga,16119,0.9188,8.12,68.97,33.36,20.12,168.57,0,Lodging/residential,Cockatoo,3758.0,US/Eastern,0.9998821796759941
Cockatoo_office_Paige,16119,0.9188,8.12,109.07,23.96,61.17,178.6,0,Office,Cockatoo,12151.2,US/Eastern,0.9998821796759941
Cockatoo_lodging_Homer,16119,0.9188,8.12,265.49,34.87,151.5,373.6,0,Lodging/residential,Cockatoo,12046.2,US/Eastern,0.9998821796759941
Cockatoo_education_Shawn,16119,0.9188,8.12,121.02,28.76,61.65,213.53,0,Education,Cockatoo,4453.2,US/Eastern,0.9998821796759941
Cockatoo_industrial_Sarita,16119,0.9188,8.12,15.0,3.78,7.45,26.95,0,Manufacturing/industrial,Cockatoo,1050.0,US/Eastern,0.9998821796759941
Cockatoo_assembly_Griselda,16119,0.9188,8.12,38.29,13.12,15.57,74.42,0,Entertainment/public assembly,Cockatoo,2671.9,US/Eastern,0.9998821796759941
Cockatoo_lodging_Linwood,16119,0.9188,8.12,17.99,5.95,5.1,42.77,0,Lodging/residential,Cockatoo,3837.1,US/Eastern,0.9998821796759941
Cockatoo_lodging_Judi,16119,0.9188,8.12,15.09,5.68,4.78,36.62,0,Lodging/residential,Cockatoo,1846.5,US/Eastern,0.9998821796759941
Cockatoo_lodging_Johnathan,16119,0.9188,8.12,8.99,2.14,4.62,16.3,0,Lodging/residential,Cockatoo,3774.6,US/Eastern,0.9998821796759941
Cockatoo_lodging_Carmen,16119,0.9188,8.12,17.63,6.43,5.92,39.58,0,Lodging/residential,Cockatoo,3761.8,US/Eastern,0.9998821796759941
Cockatoo_public_Valerie,16119,0.9188,8.12,441.57,50.38,353.65,619.12,0,Public services,Cockatoo,22582.1,US/Eastern,0.9998821796759941
Cockatoo_education_Doreen,16119,0.9188,8.12,89.39,16.93,59.02,150.72,0,Education,Cockatoo,8477.7,US/Eastern,0.9998821796759941
Cockatoo_public_Leah,16118,0.9187,8.13,167.62,40.43,66.67,263.82,0,Public services,Cockatoo,22299.1,US/Eastern,0.9998821796759941
Cockatoo_lodging_Ana,16118,0.9187,8.13,13.03,4.52,4.45,30.35,0,Lodging/residential,Cockatoo,1885.1,US/Eastern,0.9998821796759941
Cockatoo_lodging_Albert,16118,0.9187,8.13,70.86,16.28,31.5,123.6,0,Lodging/residential,Cockatoo,9162.5,US/Eastern,0.9998821796759941
Cockatoo_assembly_Emilio,16117,0.9187,8.13,263.29,69.44,99.78,439.05,0,Entertainment/public assembly,Cockatoo,6381.8,US/Eastern,0.9998821796759941
Cockatoo_science_Rex,16117,0.9187,8.13,185.19,33.25,60.9,287.15,0,Technology/science,Cockatoo,5583.5,US/Eastern,0.9998821796759941
Cockatoo_assembly_Heath,16118,0.9187,8.13,129.93,55.86,30.88,327.32,0,Entertainment/public assembly,Cockatoo,10361.5,US/Eastern,0.9998821796759941
Cockatoo_assembly_Valencia,16117,0.9187,8.13,109.59,62.11,7.1,256.12,0,Entertainment/public assembly,Cockatoo,14112.0,US/Eastern,0.9998821796759941
Cockatoo_office_Georgia,16117,0.9187,8.13,244.44,41.28,148.05,387.3,0,Office,Cockatoo,14672.4,US/Eastern,0.9998821796759941
Cockatoo_education_Brigitte,16118,0.9187,8.13,713.3,113.8,165.03,991.58,0,Education,Cockatoo,25998.0,US/Eastern,0.9998821796759941
Cockatoo_education_Janet,16116,0.9186,8.14,999.78,115.9,645.23,1374.17,0,Education,Cockatoo,29946.4,US/Eastern,0.9998821796759941
Cockatoo_assembly_Mimi,16116,0.9186,8.14,3.73,4.64,0.0,18.27,8088,Entertainment/public assembly,Cockatoo,1046.6,US/Eastern,0.9998821796759941
Cockatoo_office_Alton,16114,0.9185,8.15,97.76,25.23,42.3,195.38,0,Office,Cockatoo,3972.1,US/Eastern,0.9998821796759941
Cockatoo_assembly_Pierre,16115,0.9185,8.15,15.27,3.69,6.65,30.52,0,Entertainment/public assembly,Cockatoo,4941.9,US/Eastern,0.9998821796759941
Cockatoo_assembly_Doyle,16115,0.9185,8.15,254.29,88.88,122.7,481.75,0,Entertainment/public assembly,Cockatoo,18491.1,US/Eastern,0.9998821796759941
Cockatoo_lodging_Aimee,16114,0.9185,8.15,33.7,7.67,16.5,65.28,0,Lodging/residential,Cockatoo,1966.6,US/Eastern,0.9998821796759941
Cockatoo_lodging_Cletus,16114,0.9185,8.15,83.66,19.51,0.0,142.15,6,Lodging/residential,Cockatoo,15497.5,US/Eastern,0.9998821796759941
Cockatoo_public_Chiquita,16114,0.9185,8.15,88.26,23.27,41.23,158.57,0,Public services,Cockatoo,9247.7,US/Eastern,0.9998821796759941
Cockatoo_lodging_Elvia,16115,0.9185,8.15,257.34,59.93,147.2,421.85,0,Lodging/residential,Cockatoo,13962.8,US/Eastern,0.9998821796759941
Cockatoo_education_Claudine,16115,0.9185,8.15,38.74,5.86,24.23,63.62,0,Education,Cockatoo,2609.1,US/Eastern,0.9998821796759941
Cockatoo_utility_Sherri,16115,0.9185,8.15,56.46,25.34,27.77,127.5,0,Utility,Cockatoo,6960.5,US/Eastern,0.9998821796759941
Cockatoo_education_Collin,16114,0.9185,8.15,206.24,42.19,102.85,346.07,0,Education,Cockatoo,5248.7,US/Eastern,0.9998821796759941
Cockatoo_education_Oliver,16114,0.9185,8.15,168.27,28.82,82.97,274.6,0,Education,Cockatoo,16780.6,US/Eastern,0.9998821796759941
Cockatoo_lodging_Raphael,16114,0.9185,8.15,95.7,30.17,37.75,196.53,0,Lodging/residential,Cockatoo,7724.0,US/Eastern,0.9998821796759941
Cockatoo_lodging_Tessie,16115,0.9185,8.15,228.54,68.38,94.25,430.88,0,Lodging/residential,Cockatoo,15727.5,US/Eastern,0.9998821796759941
Cockatoo_public_Shad,16113,0.9184,8.16,129.77,37.26,60.05,278.57,0,Public services,Cockatoo,10345.7,US/Eastern,0.9998821796759941
Cockatoo_lodging_Katharine,16112,0.9184,8.16,26.19,6.15,11.75,53.85,0,Lodging/residential,Cockatoo,5707.9,US/Eastern,0.9998821796759941
Cockatoo_lodging_Emory,16112,0.9184,8.16,80.4,19.86,0.0,137.1,3,Lodging/residential,Cockatoo,15681.2,US/Eastern,0.9998821796759941
Cockatoo_office_Kristin,16112,0.9184,8.16,110.51,13.22,47.02,158.88,0,Office,Cockatoo,4603.6,US/Eastern,0.9998821796759941
Cockatoo_education_Brendan,16112,0.9184,8.16,69.7,12.23,48.33,109.75,0,Education,Cockatoo,10856.1,US/Eastern,0.9998821796759941
Cockatoo_education_Gussie,16111,0.9183,8.17,301.28,34.66,195.95,421.1,0,Education,Cockatoo,2800.4,US/Eastern,0.9998821796759941
Cockatoo_education_Tyler,16111,0.9183,8.17,770.42,47.66,564.4,925.55,0,Education,Cockatoo,19928.2,US/Eastern,0.9998821796759941
Cockatoo_public_Caleb,16110,0.9183,8.17,181.79,54.15,83.35,316.35,0,Public services,Cockatoo,12710.7,US/Eastern,0.9998821796759941
Cockatoo_education_Eunice,16111,0.9183,8.17,390.83,96.78,86.0,728.2,0,Education,Cockatoo,12195.5,US/Eastern,0.9998821796759941
Cockatoo_office_Laila,16109,0.9182,8.18,222.49,26.99,165.4,308.73,0,Office,Cockatoo,10254.6,US/Eastern,0.9998821796759941
Cockatoo_assembly_Tabitha,16107,0.9181,8.19,12.11,3.75,3.55,27.85,0,Entertainment/public assembly,Cockatoo,1589.0,US/Eastern,0.9998821796759941
Bobcat_assembly_Franklin,16108,0.9181,8.19,154.2,86.59,0.0,470.0,34,Entertainment/public assembly,Bobcat,15047.4,US/Mountain,0.9982310984308131
Cockatoo_public_Harland,16107,0.9181,8.19,50.67,11.62,20.18,85.15,0,Public services,Cockatoo,4698.8,US/Eastern,0.9998821796759941
Cockatoo_office_Christy,16108,0.9181,8.19,191.81,36.09,100.53,343.25,0,Office,Cockatoo,17376.7,US/Eastern,0.9998821796759941
Cockatoo_education_Nelda,16107,0.9181,8.19,122.38,18.85,55.3,180.12,0,Education,Cockatoo,6930.5,US/Eastern,0.9998821796759941
Cockatoo_office_Pansy,16107,0.9181,8.19,54.51,20.11,24.23,119.33,0,Office,Cockatoo,8173.3,US/Eastern,0.9998821796759941
Cockatoo_assembly_Genoveva,16108,0.9181,8.19,14.73,6.44,3.27,41.65,0,Entertainment/public assembly,Cockatoo,1519.1,US/Eastern,0.9998821796759941
Cockatoo_assembly_Meredith,16104,0.9179,8.21,67.02,21.56,23.0,153.32,0,Entertainment/public assembly,Cockatoo,8696.5,US/Eastern,0.9998821796759941
Cockatoo_lodging_Lana,16103,0.9179,8.21,33.68,9.01,13.73,72.58,0,Lodging/residential,Cockatoo,4541.2,US/Eastern,0.9998821796759941
Cockatoo_education_Mayra,16104,0.9179,8.21,60.26,32.29,0.0,162.25,2082,Education,Cockatoo,11546.8,US/Eastern,0.9998821796759941
Cockatoo_education_Charity,16102,0.9178,8.22,267.59,27.24,180.22,369.52,0,Education,Cockatoo,21726.6,US/Eastern,0.9998821796759941
Cockatoo_lodging_Mandy,16102,0.9178,8.22,12.27,2.26,6.85,21.57,0,Lodging/residential,Cockatoo,1698.0,US/Eastern,0.9998821796759941
Cockatoo_education_Arlen,16102,0.9178,8.22,84.0,21.81,0.0,151.75,1,Education,Cockatoo,3745.0,US/Eastern,0.9998821796759941
Cockatoo_education_Helene,16101,0.9177,8.23,116.18,18.76,80.83,181.72,0,Education,Cockatoo,3130.4,US/Eastern,0.9998821796759941
Cockatoo_education_Maynard,16101,0.9177,8.23,20.88,8.62,6.03,56.88,0,Education,Cockatoo,443.4,US/Eastern,0.9998821796759941
Cockatoo_office_Margaret,16099,0.9176,8.24,3.24,0.82,1.25,6.58,0,Office,Cockatoo,8572.3,US/Eastern,0.9998821796759941
Cockatoo_lodging_Jarrod,16098,0.9176,8.24,59.19,31.68,0.0,119.12,628,Lodging/residential,Cockatoo,6100.3,US/Eastern,0.9998821796759941
Cockatoo_education_June,16099,0.9176,8.24,104.24,16.38,42.83,159.95,0,Education,Cockatoo,9811.7,US/Eastern,0.9998821796759941
Cockatoo_office_Jimmy,16096,0.9175,8.25,13.7,6.17,3.38,40.58,0,Office,Cockatoo,1369.8,US/Eastern,0.9998821796759941
Cockatoo_office_Roxanna,16095,0.9174,8.26,7.74,1.78,4.2,14.8,0,Office,Cockatoo,2008.4,US/Eastern,0.9998821796759941
Cockatoo_education_Magdalena,16087,0.917,8.3,10.92,4.78,0.0,26.52,1,Education,Cockatoo,846.4,US/Eastern,0.9998821796759941
Cockatoo_office_Elbert,16085,0.9168,8.32,29.8,6.91,12.78,58.17,0,Office,Cockatoo,3772.9,US/Eastern,0.9998821796759941
Cockatoo_assembly_Rodger,16082,0.9167,8.33,85.49,24.18,43.48,172.65,0,Entertainment/public assembly,Cockatoo,7621.3,US/Eastern,0.9998821796759941
Cockatoo_education_Erik,16082,0.9167,8.33,166.48,27.94,115.58,271.98,0,Education,Cockatoo,13051.8,US/Eastern,0.9998821796759941
Cockatoo_office_Giovanni,16081,0.9166,8.34,131.31,25.95,82.12,226.38,0,Office,Cockatoo,10710.6,US/Eastern,0.9998821796759941
Cockatoo_office_Jodie,16077,0.9164,8.36,52.62,11.67,27.45,94.97,0,Office,Cockatoo,2884.9,US/Eastern,0.9998821796759941
Cockatoo_education_Julia,16078,0.9164,8.36,32.87,7.68,18.57,62.23,0,Education,Cockatoo,3758.9,US/Eastern,0.9998821796759941
Cockatoo_education_Minh,16075,0.9163,8.37,44.9,8.61,24.05,77.03,0,Education,Cockatoo,4697.8,US/Eastern,0.9998821796759941
Gator_assembly_Stacy,16064,0.9156,8.44,0.19,0.4,0.0,1.67,2519,Entertainment/public assembly,Gator,79.9,US/Eastern,0.999829001367989
Gator_public_Nettie,16063,0.9156,8.44,15.77,3.59,1.33,26.67,0,Public services,Gator,593.8,US/Eastern,0.999829001367989
Cockatoo_lodging_Alicia,16061,0.9155,8.45,24.16,5.68,11.88,45.88,0,Lodging/residential,Cockatoo,3673.2,US/Eastern,0.9998821796759941
Cockatoo_education_Victoria,16058,0.9153,8.47,4.75,1.23,2.4,10.35,0,Education,Cockatoo,399.3,US/Eastern,0.9998821796759941
Bobcat_office_Nikita,16057,0.9152,8.48,37.57,15.43,0.0,89.25,37,Office,Bobcat,3895.7,US/Mountain,0.9982310984308131
Gator_other_Refugio,16055,0.9151,8.49,0.26,0.15,0.0,0.83,288,Other,Gator,869.3,US/Eastern,0.999829001367989
Cockatoo_office_Lorraine,16053,0.915,8.5,6.75,2.26,2.15,16.1,0,Office,Cockatoo,1070.6,US/Eastern,0.9998821796759941
Cockatoo_education_Rita,16053,0.915,8.5,12.6,5.53,5.53,30.55,0,Education,Cockatoo,1704.0,US/Eastern,0.9998821796759941
Cockatoo_education_Deloris,16049,0.9148,8.52,75.8,8.48,55.77,105.7,0,Education,Cockatoo,3079.5,US/Eastern,0.9998821796759941
Cockatoo_industrial_Nathaniel,16043,0.9144,8.56,82.85,68.23,4.65,235.45,0,Manufacturing/industrial,Cockatoo,10360.4,US/Eastern,0.9998821796759941
Cockatoo_education_Joeann,16043,0.9144,8.56,393.66,178.4,167.93,811.6,0,Education,Cockatoo,10360.4,US/Eastern,0.9998821796759941
Cockatoo_education_Clifton,16026,0.9135,8.65,1.33,0.14,0.9,1.8,0,Education,Cockatoo,5292.6,US/Eastern,0.9998821796759941
Cockatoo_lodging_Josephine,16019,0.9131,8.69,80.6,28.95,28.27,165.28,0,Lodging/residential,Cockatoo,7287.1,US/Eastern,0.9998821796759941
Gator_office_Lisa,16016,0.9129,8.71,187.52,31.95,30.0,244.17,0,Office,Gator,3729.3,US/Eastern,0.999829001367989
Gator_public_Kendall,16016,0.9129,8.71,17.06,3.47,1.71,32.0,0,Public services,Gator,726.5,US/Eastern,0.999829001367989
Cockatoo_education_Flora,16014,0.9128,8.72,871.5,43.07,682.6,1006.1,0,Education,Cockatoo,13913.3,US/Eastern,0.9998821796759941
Cockatoo_lodging_Tesha,16005,0.9123,8.77,21.23,5.51,11.53,41.98,0,Lodging/residential,Cockatoo,2239.2,US/Eastern,0.9998821796759941
Bobcat_warehouse_Charlie,16006,0.9123,8.77,0.11,0.88,0.0,8.33,15770,Warehouse/storage,Bobcat,2213.2,US/Mountain,0.9982310984308131
Cockatoo_education_Lionel,15986,0.9112,8.88,330.87,39.21,246.7,481.15,0,Education,Cockatoo,11660.0,US/Eastern,0.9998821796759941
Gator_assembly_Daisy,15984,0.9111,8.89,2.78,1.0,0.04,6.21,0,Entertainment/public assembly,Gator,33.1,US/Eastern,0.999829001367989
Crow_education_Marlin,15982,0.911,8.9,213.63,125.34,64.19,567.0,0,Education,Crow,7561.4,US/Eastern,1.0
Gator_office_Hunter,15982,0.911,8.9,38.93,11.63,0.0,56.77,120,Office,Gator,1314.6,US/Eastern,0.999829001367989
Bobcat_other_Jovita,15978,0.9107,8.93,29.22,38.91,0.0,130.0,244,Other,Bobcat,416.4,US/Mountain,0.9982310984308131
Gator_public_Janna,15969,0.9102,8.98,94.93,20.63,15.0,145.67,0,Public services,Gator,2656.1,US/Eastern,0.999829001367989
Cockatoo_assembly_Ed,15966,0.9101,8.99,158.12,62.99,43.55,387.98,0,Entertainment/public assembly,Cockatoo,8833.1,US/Eastern,0.9998821796759941
Cockatoo_education_Jon,15956,0.9095,9.05,111.14,39.16,47.67,227.32,0,Education,Cockatoo,10589.8,US/Eastern,0.9998821796759941
Gator_assembly_Regina,15945,0.9089,9.11,18.38,7.51,0.12,37.12,0,Entertainment/public assembly,Gator,919.2,US/Eastern,0.999829001367989
Gator_assembly_Kayleigh,15945,0.9089,9.11,6.62,6.95,0.0,28.33,264,Entertainment/public assembly,Gator,142.7,US/Eastern,0.999829001367989
Cockatoo_education_Jack,15939,0.9085,9.15,7.36,2.64,2.8,16.23,0,Education,Cockatoo,2918.5,US/Eastern,0.9998821796759941
Bobcat_other_Howard,15925,0.9077,9.23,38.0,59.7,0.0,373.76,51,Other,Bobcat,428.0,US/Mountain,0.9982310984308131
Bear_education_Nanette,15905,0.9066,9.34,112.84,37.56,13.06,279.83,0,Education,Bear,6150.5,US/Pacific,1.0
Gator_public_Erika,15899,0.9062,9.38,6.48,1.4,0.75,11.5,0,Public services,Gator,337.0,US/Eastern,0.999829001367989
Cockatoo_education_Terrence,15875,0.9049,9.51,432.69,44.15,283.38,580.25,0,Education,Cockatoo,18954.9,US/Eastern,0.9998821796759941
Bear_education_Destiny,15876,0.9049,9.51,124.64,50.02,46.11,309.76,0,Education,Bear,5157.6,US/Pacific,1.0
Gator_public_Tiffany,15875,0.9049,9.51,14.81,3.3,1.83,27.67,0,Public services,Gator,590.0,US/Eastern,0.999829001367989
Cockatoo_education_Marva,15835,0.9026,9.74,155.22,59.86,72.4,345.18,0,Education,Cockatoo,10123.7,US/Eastern,0.9998821796759941
Cockatoo_education_Orlando,15819,0.9017,9.83,233.16,43.53,162.3,372.12,0,Education,Cockatoo,15887.2,US/Eastern,0.9998821796759941
Gator_public_Ross,15805,0.9009,9.91,7.89,2.67,0.0,21.33,216,Public services,Gator,450.4,US/Eastern,0.999829001367989
Cockatoo_education_Laurence,15796,0.9004,9.96,69.35,32.32,27.07,176.7,0,Education,Cockatoo,4403.4,US/Eastern,0.9998821796759941
Cockatoo_education_Melanie,15793,0.9002,9.98,15.79,9.58,0.0,51.92,1,Education,Cockatoo,3240.0,US/Eastern,0.9998821796759941
Cockatoo_office_Gail,15792,0.9001,9.99,20.9,7.71,0.0,46.05,2,Office,Cockatoo,2909.4,US/Eastern,0.9998821796759941
Cockatoo_assembly_Evelyn,15742,0.8973,10.27,6.79,3.5,0.0,21.73,2,Entertainment/public assembly,Cockatoo,1822.7,US/Eastern,0.9998821796759941
Gator_other_Minda,15663,0.8928,10.72,5.25,4.16,0.0,17.5,480,Other,Gator,145.5,US/Eastern,0.999829001367989
Gator_assembly_Milton,15616,0.8901,10.99,0.56,0.59,0.0,3.54,2016,Entertainment/public assembly,Gator,48.3,US/Eastern,0.999829001367989
Cockatoo_education_Amira,15593,0.8888,11.12,46.32,12.81,2.88,89.7,0,Education,Cockatoo,2641.4,US/Eastern,0.9998821796759941
Gator_public_Maude,15592,0.8887,11.13,104.9,18.09,12.5,187.5,0,Public services,Gator,5574.2,US/Eastern,0.999829001367989
Rat_education_Tristan,15587,0.8885,11.15,29.05,12.11,8.85,78.16,0,Education,Rat,10228.6,US/Eastern,0.9996579052397514
Gator_other_Russel,15528,0.8851,11.49,10.41,2.98,0.0,20.83,192,Other,Gator,397.3,US/Eastern,0.999829001367989
Cockatoo_assembly_Fernanda,15511,0.8841,11.59,84.82,19.57,32.33,149.28,0,Entertainment/public assembly,Cockatoo,7074.8,US/Eastern,0.9998821796759941
Bobcat_education_Toni,15470,0.8818,11.82,27.21,8.94,0.0,64.25,18,Education,Bobcat,2033.8,US/Mountain,0.9982310984308131
Bobcat_education_Jayne,15448,0.8805,11.95,59.64,34.15,0.0,185.81,40,Education,Bobcat,6259.5,US/Mountain,0.9982310984308131
Crow_education_Kate,15420,0.8789,12.11,74.31,19.54,35.84,135.56,0,Education,Crow,6320.2,US/Eastern,1.0
Bear_education_Liliana,15416,0.8787,12.13,494.1,72.38,316.25,737.51,0,Education,Bear,19143.0,US/Pacific,1.0
Gator_assembly_Elliot,15360,0.8755,12.45,0.0,0.01,0.0,0.33,15336,Entertainment/public assembly,Gator,100.3,US/Eastern,0.999829001367989
Cockatoo_education_Latrice,15282,0.8711,12.89,0.02,0.18,0.0,2.92,14025,Education,Cockatoo,1940.7,US/Eastern,0.9998821796759941
Bear_assembly_Diana,15280,0.871,12.9,0.86,0.35,0.0,2.51,2,Entertainment/public assembly,Bear,121.2,US/Pacific,1.0
Gator_office_August,15264,0.87,13.0,58.4,19.13,0.0,118.75,48,Office,Gator,4487.2,US/Eastern,0.999829001367989
Bobcat_education_Hollis,15240,0.8687,13.13,148.98,25.3,37.5,264.0,0,Education,Bobcat,8173.2,US/Mountain,0.9982310984308131
Bobcat_assembly_Adam,15222,0.8676,13.24,70.36,19.17,0.0,155.38,9,Entertainment/public assembly,Bobcat,2053.2,US/Mountain,0.9982310984308131
Cockatoo_lodging_Jimmie,15217,0.8674,13.26,183.58,23.04,117.35,259.02,0,Lodging/residential,Cockatoo,2766.2,US/Eastern,0.9998821796759941
Bobcat_education_Whitney,15159,0.8641,13.59,360.62,155.85,0.0,1062.0,44,Education,Bobcat,6957.1,US/Mountain,0.9982310984308131
Bobcat_assembly_Billy,15153,0.8637,13.63,135.26,39.31,0.0,330.75,6,Entertainment/public assembly,Bobcat,19859.1,US/Mountain,0.9982310984308131
Bobcat_assembly_Camilla,15132,0.8625,13.75,19.64,3.4,7.12,33.0,0,Entertainment/public assembly,Bobcat,3696.4,US/Mountain,0.9982310984308131
Bear_public_Arlean,15092,0.8602,13.98,141.9,42.42,0.0,315.25,2,Public services,Bear,12131.4,US/Pacific,1.0
Bobcat_education_Dylan,15024,0.8564,14.36,134.91,38.39,0.0,262.5,30,Education,Bobcat,17358.0,US/Mountain,0.9982310984308131
Rat_public_Johnna,14847,0.8463,15.37,28.45,22.43,1.83,94.64,0,Public services,Rat,1465.5,US/Eastern,0.9996579052397514
Rat_public_Norene,14674,0.8364,16.36,26.99,5.8,16.65,42.99,0,Public services,Rat,1211.8,US/Eastern,0.9996579052397514
Bobcat_office_Kassandra,14596,0.832,16.8,53.23,28.59,0.0,160.38,1,Office,Bobcat,4003.6,US/Mountain,0.9982310984308131
Cockatoo_utility_Kimiko,14518,0.8275,17.25,78.7,60.19,7.3,242.6,0,Utility,Cockatoo,378.2,US/Eastern,0.9998821796759941
Cockatoo_assembly_Britt,14515,0.8273,17.27,0.66,4.66,0.0,44.7,14199,Entertainment/public assembly,Cockatoo,1435.4,US/Eastern,0.9998821796759941
Bear_assembly_Angel,14435,0.8228,17.72,494.34,172.03,36.5,1105.6,0,Entertainment/public assembly,Bear,22117.0,US/Pacific,1.0
Bobcat_education_Rosalva,14385,0.8199,18.01,79.2,28.32,0.0,207.88,6,Education,Bobcat,7836.0,US/Mountain,0.9982310984308131
Cockatoo_lodging_Kerri,14326,0.8166,18.34,18.36,4.59,8.8,33.42,0,Lodging/residential,Cockatoo,8949.9,US/Eastern,0.9998821796759941
Bear_education_Merrill,14317,0.8161,18.39,21.89,8.85,9.0,58.5,0,Education,Bear,3235.3,US/Pacific,1.0
Eagle_office_Amie,14193,0.809,19.1,464.76,59.61,282.56,549.58,0,Office,Eagle,9581.8,US/Eastern,0.9998289233576643
Rat_public_Elmira,13965,0.796,20.4,23.22,8.42,4.31,48.9,0,Public services,Rat,1035.2,US/Eastern,0.9996579052397514
Cockatoo_education_Evangeline,13954,0.7954,20.46,211.01,24.38,156.43,283.32,0,Education,Cockatoo,9795.1,US/Eastern,0.9998821796759941
Bobcat_office_Melody,13932,0.7941,20.59,50.13,12.24,0.0,102.88,2,Office,Bobcat,2503.6,US/Mountain,0.9982310984308131
Bobcat_office_Justine,13837,0.7887,21.13,19.72,8.8,0.0,55.75,17,Office,Bobcat,2445.7,US/Mountain,0.9982310984308131
Cockatoo_office_Ada,13741,0.7832,21.68,432.87,41.95,294.77,605.15,0,Office,Cockatoo,4952.0,US/Eastern,0.9998821796759941
Bobcat_education_Marisha,13602,0.7753,22.47,65.18,26.65,0.0,196.0,53,Education,Bobcat,6913.8,US/Mountain,0.9982310984308131
Rat_education_Gricelda,13391,0.7633,23.67,33.09,12.82,0.0,81.52,1,Education,Rat,2081.0,US/Eastern,0.9996579052397514
Rat_public_Lea,13219,0.7535,24.65,68.08,15.53,29.11,125.48,0,Public services,Rat,10293.7,US/Eastern,0.9996579052397514
Rat_office_Chris,13149,0.7495,25.05,889.09,269.52,0.0,1723.08,73,Office,Rat,54437.0,US/Eastern,0.9996579052397514
Bobcat_education_Monte,12990,0.7404,25.96,21.34,11.43,0.0,67.37,70,Education,Bobcat,2147.2,US/Mountain,0.9982310984308131
Rat_education_Dianne,12573,0.7167,28.33,135.55,40.91,0.0,257.03,376,Education,Rat,6800.5,US/Eastern,0.9996579052397514
Cockatoo_education_Christi,12557,0.7157,28.43,4.18,1.88,0.27,10.9,0,Education,Cockatoo,2158.3,US/Eastern,0.9998821796759941
Panther_education_Quintin,12464,0.7104,28.96,295.72,88.44,0.0,672.33,261,Education,Panther,10578.5,US/Eastern,0.999829001367989
Rat_education_Willy,12430,0.7085,29.15,70.04,46.88,0.0,281.99,2662,Education,Rat,8138.3,US/Eastern,0.9996579052397514
Gator_office_Carrie,12299,0.701,29.9,962.39,146.67,275.21,1328.83,0,Office,Gator,24987.5,US/Eastern,0.999829001367989
Bear_assembly_Danial,12187,0.6947,30.53,160.66,35.77,68.54,282.92,0,Entertainment/public assembly,Bear,7680.3,US/Pacific,1.0
Bobcat_education_Miki,12124,0.6911,30.89,66.55,31.39,0.0,163.12,6,Education,Bobcat,16116.7,US/Mountain,0.9982310984308131
Bear_lodging_Esperanza,12030,0.6857,31.43,29.65,8.06,16.39,61.03,0,Lodging/residential,Bear,8078.8,US/Pacific,1.0
Bear_education_Carlo,11996,0.6838,31.62,4.44,3.02,1.18,17.07,0,Education,Bear,1314.6,US/Pacific,1.0
Bear_parking_Bridget,11746,0.6695,33.05,16.63,4.49,2.74,36.72,0,Parking,Bear,36.0,US/Pacific,1.0
Bear_assembly_Harry,11426,0.6513,34.87,17.7,7.5,7.0,48.5,0,Entertainment/public assembly,Bear,5511.6,US/Pacific,1.0
Rat_office_Ashlee,10917,0.6223,37.77,45.93,22.18,0.0,105.07,4,Office,Rat,2186.9,US/Eastern,0.9996579052397514
Cockatoo_assembly_Ralph,10743,0.6123,38.77,19.07,2.94,4.97,35.35,0,Entertainment/public assembly,Cockatoo,14416.4,US/Eastern,0.9998821796759941
Rat_education_Susana,10632,0.606,39.4,7.52,6.09,0.0,19.2,942,Education,Rat,28056.7,US/Eastern,0.9996579052397514
Panther_office_Otto,10434,0.5947,40.53,185.15,92.92,0.0,502.03,1585,Office,Panther,8151.5,US/Eastern,0.999829001367989
Rat_public_Maxine,10199,0.5813,41.87,135.12,50.56,0.0,298.9,7,Public services,Rat,9519.4,US/Eastern,0.9996579052397514
Rat_assembly_Myrna,10031,0.5718,42.82,4.94,4.07,0.0,16.85,3007,Entertainment/public assembly,Rat,223.6,US/Eastern,0.9996579052397514
Gator_other_Samuel,9822,0.5598,44.02,6.71,5.82,1.04,30.36,0,Other,Gator,9568.5,US/Eastern,0.999829001367989
Gator_assembly_Erich,9785,0.5577,44.23,20.7,3.95,5.14,35.53,0,Entertainment/public assembly,Gator,645.1,US/Eastern,0.999829001367989
Rat_education_Alyson,9743,0.5553,44.47,49.76,19.84,0.43,102.42,0,Education,Rat,15561.3,US/Eastern,0.9996579052397514
Bear_education_Benjamin,9726,0.5544,44.56,1.15,0.8,0.0,4.9,295,Education,Bear,786.2,US/Pacific,1.0
Rat_education_Matt,9647,0.5499,45.01,147.5,66.29,30.57,320.71,0,Education,Rat,10405.1,US/Eastern,0.9996579052397514
Gator_assembly_Hue,9604,0.5474,45.26,1.19,2.69,0.0,16.32,6461,Entertainment/public assembly,Gator,371.6,US/Eastern,0.999829001367989
Rat_education_Mavis,9405,0.5361,46.39,178.0,111.33,0.0,482.6,1201,Education,Rat,14678.7,US/Eastern,0.9996579052397514
Gator_public_Jolene,9288,0.5294,47.06,6.26,2.02,0.0,13.33,120,Public services,Gator,811.4,US/Eastern,0.999829001367989
Rat_education_Jeanne,9165,0.5224,47.76,56.1,16.26,30.9,136.68,0,Education,Rat,4598.7,US/Eastern,0.9996579052397514
Rat_education_Donnell,9031,0.5148,48.52,55.7,49.78,4.51,219.96,0,Education,Rat,7413.7,US/Eastern,0.9996579052397514
Robin_office_Erma,8784,0.5007,49.93,13.64,10.85,0.0,48.1,1320,Office,Robin,4434.0,Europe/London,0.9999429093400319
Fox_education_Maureen,8760,0.4993,50.07,292.17,41.91,0.0,447.42,2,Education,Fox,22757.9,US/Mountain,0.9999429972068631
Rat_education_Romana,8757,0.4991,50.09,33.44,23.19,0.0,127.92,888,Education,Rat,4403.6,US/Eastern,0.9996579052397514
Swan_unknown_Jerold,8754,0.499,50.1,256.34,186.03,0.0,14030.68,939,,Swan,7746.6,US/Pacific,0.9984031936127744
Swan_unknown_Rocco,8755,0.499,50.1,342.52,317.73,0.0,18845.74,918,,Swan,4779.2,US/Pacific,0.9984031936127744
Swan_unknown_Isaiah,8752,0.4989,50.11,108.21,57.35,0.0,1894.43,220,,Swan,14806.3,US/Pacific,0.9984031936127744
Swan_unknown_Jan,8752,0.4989,50.11,316.22,102.21,0.0,5821.67,220,,Swan,14952.0,US/Pacific,0.9984031936127744
Swan_unknown_Ike,8751,0.4988,50.12,35.9,19.54,0.0,291.62,217,,Swan,6928.1,US/Pacific,0.9984031936127744
Swan_unknown_Douglas,8751,0.4988,50.12,233.39,105.97,0.0,4596.96,918,,Swan,7736.2,US/Pacific,0.9984031936127744
Swan_unknown_Bette,8750,0.4987,50.13,35.96,13.7,0.0,196.08,215,,Swan,5777.3,US/Pacific,0.9984031936127744
Gator_assembly_Beryl,8749,0.4987,50.13,1.08,0.71,0.0,3.42,408,Entertainment/public assembly,Gator,4136.8,US/Eastern,0.999829001367989
Swan_unknown_Valeria,8749,0.4987,50.13,55.83,12.0,0.0,328.29,211,,Swan,1238.3,US/Pacific,0.9984031936127744
Swan_unknown_Esteban,8749,0.4987,50.13,111.1,47.59,0.0,1979.48,437,,Swan,6976.4,US/Pacific,0.9984031936127744
Swan_unknown_Rudy,8750,0.4987,50.13,198.77,139.06,0.0,10094.77,918,,Swan,6394.6,US/Pacific,0.9984031936127744
Swan_unknown_Wendy,8750,0.4987,50.13,72.14,27.9,0.0,562.86,217,,Swan,7149.1,US/Pacific,0.9984031936127744
Swan_unknown_Raquel,8750,0.4987,50.13,133.86,41.26,0.0,1703.7,219,,Swan,11381.5,US/Pacific,0.9984031936127744
Swan_unknown_Reyna,8749,0.4987,50.13,82.79,38.63,0.0,565.21,219,,Swan,6154.5,US/Pacific,0.9984031936127744
Swan_unknown_Tom,8749,0.4987,50.13,35.94,21.19,0.0,200.34,218,,Swan,4645.0,US/Pacific,0.9984031936127744
Swan_unknown_Noelia,8748,0.4986,50.14,18.38,8.69,0.0,99.02,222,,Swan,943.9,US/Pacific,0.9984031936127744
Swan_unknown_Christoper,8747,0.4986,50.14,28.73,12.38,0.0,145.97,218,,Swan,8636.6,US/Pacific,0.9984031936127744
Swan_unknown_Fabian,8747,0.4986,50.14,32.46,10.68,0.0,148.4,218,,Swan,4233.6,US/Pacific,0.9984031936127744
Swan_unknown_Allison,8744,0.4984,50.16,7.54,4.3,0.0,31.59,217,,Swan,1699.8,US/Pacific,0.9984031936127744
Fox_education_Vernon,8732,0.4977,50.23,49.55,33.8,0.0,177.76,1336,Education,Fox,3825.7,US/Mountain,0.9999429972068631
Swan_unknown_Andres,8728,0.4975,50.25,133.39,34.89,0.0,365.09,83,,Swan,11538.7,US/Pacific,0.9984031936127744
Moose_education_Sasha,8567,0.4883,51.17,2.35,0.89,0.72,5.47,0,Education,Moose,8000.0,US/Eastern,1.0
Lamb_office_Joanna,8531,0.4863,51.37,0.36,0.64,0.0,2.0,6351,Office,Lamb,1103.0,Europe/London,0.9998857142857143
Rat_education_Eleonora,8183,0.4664,53.36,226.45,111.46,0.0,577.84,2,Education,Rat,10683.8,US/Eastern,0.9996579052397514
Eagle_office_Michele,8099,0.4616,53.84,166.69,27.19,0.0,293.0,25,Office,Eagle,6737.0,US/Eastern,0.9998289233576643
Eagle_office_Joette,8099,0.4616,53.84,269.68,57.72,0.0,489.0,26,Office,Eagle,6414.0,US/Eastern,0.9998289233576643
Rat_education_Denise,7996,0.4558,54.42,81.88,30.78,38.48,186.16,0,Education,Rat,6085.1,US/Eastern,0.9996579052397514
Rat_assembly_Karen,7996,0.4558,54.42,167.96,57.23,0.0,361.93,5,Entertainment/public assembly,Rat,5852.9,US/Eastern,0.9996579052397514
Rat_public_Yetta,7895,0.45,55.0,18.18,8.53,0.0,44.89,8,Public services,Rat,1980.5,US/Eastern,0.9996579052397514
Bobcat_education_Karin,7866,0.4484,55.16,43.48,17.92,0.0,113.62,2,Education,Bobcat,6052.1,US/Mountain,0.9982310984308131
Peacock_education_Weldon,7575,0.4318,56.82,658.84,80.84,265.41,877.36,0,Education,Peacock,22419.7,US/Eastern,0.9993728262728776
Peacock_education_Karl,7570,0.4315,56.85,79.63,15.6,48.2,129.89,0,Education,Peacock,44381.9,US/Eastern,0.9993728262728776
Peacock_assembly_Mamie,7557,0.4307,56.93,135.79,31.44,41.0,207.03,0,Entertainment/public assembly,Peacock,13295.3,US/Eastern,0.9993728262728776
Peacock_education_Bianca,7540,0.4298,57.02,171.15,22.77,42.3,243.05,0,Education,Peacock,4349.1,US/Eastern,0.9993728262728776
Rat_education_Edmund,7538,0.4297,57.03,49.87,33.11,0.0,165.09,13,Education,Rat,6187.3,US/Eastern,0.9996579052397514
Peacock_office_Glenn,7461,0.4253,57.47,66.6,32.9,27.28,195.32,0,Office,Peacock,2179.3,US/Eastern,0.9993728262728776
Peacock_education_Lucie,7413,0.4225,57.75,871.3,96.99,496.58,1150.73,0,Education,Peacock,23876.1,US/Eastern,0.9993728262728776
Peacock_office_Jonathon,7409,0.4223,57.77,35.26,9.52,17.17,74.35,0,Office,Peacock,3482.5,US/Eastern,0.9993728262728776
Rat_public_Angle,7292,0.4156,58.44,335.27,75.77,0.0,597.76,9,Public services,Rat,7562.0,US/Eastern,0.9996579052397514
Rat_public_Andrea,7079,0.4035,59.65,214.55,75.2,0.0,305.62,11,Public services,Rat,12792.7,US/Eastern,0.9996579052397514
Rat_assembly_Don,7077,0.4034,59.66,7.33,5.23,0.0,34.09,1,Entertainment/public assembly,Rat,183.7,US/Eastern,0.9996579052397514
Rat_health_Ann,6679,0.3807,61.93,89.67,52.57,0.0,228.88,1,Healthcare,Rat,7478.7,US/Eastern,0.9996579052397514
Bobcat_science_Tammy,6676,0.3805,61.95,73.61,56.66,0.0,253.68,1,Technology/science,Bobcat,10150.9,US/Mountain,0.9982310984308131
Rat_public_Alexander,6620,0.3773,62.27,85.16,66.11,0.0,193.22,2415,Public services,Rat,2787.1,US/Eastern,0.9996579052397514
Rat_education_Roxanne,6527,0.372,62.8,415.65,267.33,0.0,1085.31,3,Education,Rat,15115.3,US/Eastern,0.9996579052397514
Rat_education_Penny,6359,0.3625,63.75,166.85,63.43,43.08,329.7,0,Education,Rat,7014.2,US/Eastern,0.9996579052397514
Peacock_office_Naomi,5690,0.3243,67.57,170.19,55.51,62.47,287.05,0,Office,Peacock,5072.2,US/Eastern,0.9993728262728776
Rat_education_Alonzo,5591,0.3187,68.13,88.73,81.65,0.0,534.69,2039,Education,Rat,6015.5,US/Eastern,0.9996579052397514
Rat_public_Percy,5567,0.3173,68.27,6.7,3.5,0.0,14.56,4,Public services,Rat,3945.6,US/Eastern,0.9996579052397514
Rat_education_Abigail,5425,0.3092,69.08,116.55,43.09,0.0,263.07,155,Education,Rat,8825.8,US/Eastern,0.9996579052397514
Rat_education_Moises,5008,0.2855,71.45,160.24,20.56,102.5,243.33,0,Education,Rat,7794.6,US/Eastern,0.9996579052397514
Rat_education_Veronica,3960,0.2257,77.43,178.54,97.94,0.0,645.94,120,Education,Rat,14307.1,US/Eastern,0.9996579052397514
Bobcat_education_Rodrick,3920,0.2234,77.66,61.29,21.44,0.0,146.11,16,Education,Bobcat,11088.0,US/Mountain,0.9982310984308131
Bobcat_education_Emile,3001,0.1711,82.89,12.3,5.57,0.0,34.82,2,Education,Bobcat,5003.3,US/Mountain,0.9982310984308131
Bobcat_public_Angie,2980,0.1699,83.01,270.24,81.05,88.47,478.44,0,Public services,Bobcat,14777.3,US/Mountain,0.9982310984308131
Peacock_public_Linda,2878,0.164,83.6,29.66,9.73,0.0,59.28,126,Public services,Peacock,3592.7,US/Eastern,0.9993728262728776
Rat_education_Chance,1753,0.0999,90.01,46.21,33.1,0.0,158.06,313,Education,Rat,5592.8,US/Eastern,0.9996579052397514
Rat_education_Kristie,1530,0.0872,91.28,127.63,50.59,73.15,264.27,0,Education,Rat,5778.6,US/Eastern,0.9996579052397514
Rat_education_Angelica,1483,0.0845,91.55,57.06,14.2,37.45,106.85,0,Education,Rat,5202.6,US/Eastern,0.9996579052397514
Rat_education_Mac,913,0.052,94.8,157.1,65.04,84.53,327.1,0,Education,Rat,6108.5,US/Eastern,0.9996579052397514
Bobcat_education_Seth,659,0.0376,96.24,398.06,62.87,154.5,720.2,0,Education,Bobcat,17179.3,US/Mountain,0.9982310984308131
Bobcat_education_Barbra,110,0.0063,99.37,69.12,13.16,21.3,95.9,0,Education,Bobcat,2538.0,US/Mountain,0.9982310984308131
Eagle_lodging_Garland,0,0.0,100.0,,,,,0,Lodging/residential,Eagle,6700.0,US/Eastern,0.9998289233576643
Rat_public_Ulysses,0,0.0,100.0,,,,,0,Public services,Rat,1152.8,US/Eastern,0.9996579052397514
